ADAL,ADLL,2
ADAL,URXL,2
ADAL,AIAL,2
ADAL,AIBL,2
ADAL,AIBR,2
ADAL,ADAL,6
ADAL,RICL,3
ADAL,RICR,1
ADAL,RIPL,4
ADAL,AVJR,11
ADAL,PVPL,1
ADAL,RID,1
ADAL,AVAL,3
ADAL,AVAR,7
ADAL,AVBL,5
ADAL,AVBR,21
ADAL,AVDL,1
ADAL,AVDR,2
ADAL,AVEL,3
ADAL,RIML,9
ADAL,URAVL,1
ADAL,SMDVR,3
ADAL,ADFL,5
ADAL,OLQVL,4
ADAL,ADAR,3
ADAL,PVQL,4
ADAL,AVDR,2
ADAR,ASHR,2
ADAR,URXR,2
ADAR,URYDR,2
ADAR,AIBL,1
ADAR,AIBR,3
ADAR,RIFR,1
ADAR,RIPR,9
ADAR,AVJL,13
ADAR,PVR,6
ADAR,AVAR,8
ADAR,AVBL,8
ADAR,AVBR,15
ADAR,AVDL,2
ADAR,AVDR,3
ADAR,AVEL,1
ADAR,RIMR,15
ADAR,RIVR,5
ADAR,SMDVL,1
ADAR,ADFR,4
ADAR,ASHR,3
ADAR,ADAL,3
ADAR,PVQR,2
ADAR,AVDL,3
ADEL,IL1L,3
ADEL,IL2L,5
ADEL,OLLL,6
ADEL,CEPDL,1
ADEL,ALML,1
ADEL,FLPL,4
ADEL,BDUL,1
ADEL,ADER,5
ADEL,ADAL,1
ADEL,RIAL,2
ADEL,RIFL,1
ADEL,RIGL,18
ADEL,RIGR,15
ADEL,RIH,3
ADEL,RMGL,7
ADEL,URBL,2
ADEL,AVHL,2
ADEL,AVL,1
ADEL,AVAL,7
ADEL,AVAR,9
ADEL,AVDL,2
ADEL,AVEL,3
ADEL,RMDL,11
ADEL,RMER,1
ADEL,RMHL,1
ADEL,RMHR,2
ADEL,RIVL,2
ADEL,RIVR,2
ADEL,SAADR,1
ADEL,SIADR,2
ADEL,SIBVR,2
ADEL,SMBDR,1
ADEL,SMBVL,2
ADEL,VB01,2
ADEL,AINL,2
ADEL,RIGR,1
ADER,ASIR,1
ADER,IL1R,1
ADER,IL2R,1
ADER,OLLR,3
ADER,CEPDR,5
ADER,CEPVR,1
ADER,ALNR,1
ADER,FLPL,1
ADER,FLPR,4
ADER,URXR,2
ADER,ADEL,3
ADER,ADAR,1
ADER,RIAR,1
ADER,RIGL,12
ADER,RIGR,11
ADER,RMGR,5
ADER,URBR,1
ADER,AVJR,1
ADER,AVAL,9
ADER,AVAR,4
ADER,AVDR,5
ADER,AVER,4
ADER,RMDL,1
ADER,RMDR,6
ADER,SMDVR,1
ADER,DBWMR4,1
ADER,ALNR,2
ADER,FLPR,4
ADER,AINR,4
ADER,AVJR,1
ADER,AVKL,4
ADER,PVQR,2
ADFL,ADLL,1
ADFL,AWBL,2
ADFL,AWCR,2
ADFL,AFDL,1
ADFL,URXL,1
ADFL,AUAL,12
ADFL,AIAL,2
ADFL,AIBL,2
ADFL,AIBR,1
ADFL,AIZL,39
ADFL,ADAL,2
ADFL,RIAL,46
ADFL,RIBL,4
ADFL,RIGL,4
ADFL,RIGR,1
ADFL,RIR,4
ADFL,RIVL,1
ADFL,SMBDL,1
ADFL,SMBVL,9
ADFL,SMDVL,1
ADFL,ASHL,1
ADFL,AWCL,1
ADFL,AFDL,3
ADFL,AIZL,1
ADFL,ADAL,5
ADFL,RIAL,1
ADFL,URBL,1
ADFL,RIPL,2
ADFR,ADFR,1
ADFR,ASHR,6
ADFR,AWAR,1
ADFR,AWBR,4
ADFR,AWCR,1
ADFR,AFDR,1
ADFR,OLQVR,1
ADFR,BAGL,6
ADFR,URXR,10
ADFR,URYVR,2
ADFR,AUAR,9
ADFR,AIYR,2
ADFR,AIZR,37
ADFR,ADAR,4
ADFR,RIAR,61
ADFR,RIGR,24
ADFR,RIH,2
ADFR,RIR,7
ADFR,AVHL,1
ADFR,PVPR,1
ADFR,SMBDR,2
ADFR,SMBVR,19
ADFR,ASGR,1
ADFR,AWAR,3
ADFR,AWBR,1
ADFR,AFDR,5
ADFR,AIAR,4
ADFR,ADAR,4
ADFR,RIH,1
ADFR,SMBVR,1
ADFR,SMDVR,2
ADLL,ASEL,1
ADLL,ASER,12
ADLL,ASGL,2
ADLL,ASHL,6
ADLL,AWAL,1
ADLL,AWBL,3
ADLL,AWCL,2
ADLL,OLQVL,2
ADLL,AIAL,19
ADLL,AIBL,26
ADLL,ADAL,1
ADLL,ALA,5
ADLL,RIAL,1
ADLL,RIGL,1
ADLL,RIR,1
ADLL,RIPL,3
ADLL,AVJL,3
ADLL,AVJR,9
ADLL,AVAL,9
ADLL,AVAR,5
ADLL,AVBL,12
ADLL,AVDL,4
ADLL,AVDR,15
ADLL,SMBVL,5
ADLL,ADLR,6
ADLL,AWAL,1
ADLL,RMGL,3
ADLL,AVDR,2
ADLL,HYP,1
ADLR,ADLR,3
ADLR,ASER,2
ADLR,ASHR,4
ADLR,AWCR,7
ADLR,OLQVR,1
ADLR,OLLR,1
ADLR,CEPVR,1
ADLR,URXR,8
ADLR,AIAR,22
ADLR,AIBR,27
ADLR,ADAR,1
ADLR,RICL,1
ADLR,RICR,5
ADLR,RIFR,2
ADLR,URBR,6
ADLR,RIPR,2
ADLR,AVJL,2
ADLR,AVJR,3
ADLR,PVCL,3
ADLR,AVAR,8
ADLR,AVBL,3
ADLR,AVBR,7
ADLR,AVDL,26
ADLR,AVDR,3
ADLR,SIBVL,2
ADLR,SMBVR,5
ADLR,ADLL,6
ADLR,ASGR,1
ADLR,ASKR,1
AFDL,ASEL,1
AFDL,ASER,1
AFDL,AWBL,4
AFDL,AFDL,1
AFDL,AIBL,1
AFDL,AIYL,25
AFDL,AINR,3
AFDL,ADFL,3
AFDL,ASEL,6
AFDL,AFDR,1
AFDL,AIBL,2
AFDL,AIYL,2
AFDL,URBL,9
AFDL,AVEL,1
AFDR,ASEL,1
AFDR,ASER,4
AFDR,AFDL,1
AFDR,AIYR,29
AFDR,ADFR,5
AFDR,ASEL,2
AFDR,ASER,1
AFDR,ASHR,4
AFDR,AWCR,3
AFDR,AFDL,1
AFDR,URBR,2
AFDR,RMDVR,1
AIAL,ADFL,2
AIAL,ADLL,1
AIAL,ASEL,5
AIAL,ASER,10
AIAL,ASGL,1
AIAL,ASHL,1
AIAL,ASJL,4
AIAL,ASKL,9
AIAL,AWCL,1
AIAL,AWCR,6
AIAL,AIBL,35
AIAL,AIZL,4
AIAL,ADAL,1
AIAL,AIML,6
AIAL,RIFL,10
AIAL,RIR,2
AIAL,RMGL,2
AIAL,PVQL,1
AIAL,ASIL,1
AIAL,ASIR,2
AIAL,ASJL,1
AIAL,ASKL,2
AIAL,AWBL,1
AIAL,AWCR,1
AIAL,AIAR,7
AIAL,AIBL,5
AIAR,ADLR,10
AIAR,ASER,5
AIAR,ASGR,5
AIAR,ASIR,2
AIAR,AWAR,4
AIAR,AWCL,6
AIAR,AWCR,6
AIAR,AIBR,33
AIAR,AIZR,2
AIAR,ADAR,4
AIAR,RIFR,10
AIAR,ADFR,4
AIAR,ASGR,3
AIAR,ASHR,1
AIAR,ASIR,3
AIAR,ASKR,1
AIAR,AWAR,3
AIAR,AWCR,1
AIAR,AIAL,7
AIAR,AIAR,2
AIBL,ASHL,1
AIBL,ASHR,3
AIBL,IL2DR,1
AIBL,FLPL,1
AIBL,AIBL,2
AIBL,AIZR,7
AIBL,RIBR,16
AIBL,RIFL,1
AIBL,RIGR,5
AIBL,RMFR,6
AIBL,AVAL,5
AIBL,AVBL,21
AIBL,AVEL,1
AIBL,RIML,1
AIBL,RIMR,56
AIBL,SAADL,6
AIBL,SAADR,10
AIBL,SAAVL,3
AIBL,SIADR,2
AIBL,SIAVR,2
AIBL,SIBDR,3
AIBL,SMDDR,16
AIBL,SMDVR,4
AIBL,ASKL,1
AIBL,AFDL,2
AIBL,FLPL,1
AIBL,SDQR,1
AIBL,AIAL,5
AIBL,AIZR,4
AIBL,RIGR,3
AIBL,RIS,1
AIBL,DVC,2
AIBL,RIMR,1
AIBL,RMED,2
AIBL,SIADR,1
AIBL,SMDDR,1
AIBR,ADLR,1
AIBR,AWCR,1
AIBR,AQR,1
AIBR,AUAL,1
AIBR,AIAR,1
AIBR,AIYR,1
AIBR,RIAL,2
AIBR,RIBL,11
AIBR,RICR,1
AIBR,RIGL,1
AIBR,RMFL,1
AIBR,DVA,1
AIBR,AVAR,2
AIBR,AVBR,13
AIBR,AVEL,4
AIBR,RIML,47
AIBR,RIMR,5
AIBR,SAADL,2
AIBR,SAADR,2
AIBR,SAAVR,1
AIBR,SIADL,1
AIBR,SIBVR,2
AIBR,SMDDL,17
AIBR,SMDVL,7
AIBR,VB01,3
AIBR,ASKR,3
AIBR,AIZL,3
AIBR,RICR,1
AIBR,RIGL,3
AIBR,RIS,3
AIBR,DVC,9
AIBR,PVPL,2
AIBR,PVT,1
AIBR,RIML,2
AIBR,RIVR,3
AIBR,SIAVL,1
AIBR,SMDDL,2
AIML,ASGL,8
AIML,ASJL,2
AIML,ASKL,7
AIML,CEPDL,3
AIML,ALML,1
AIML,URXL,1
AIML,AIAL,11
AIML,RIFL,2
AIML,RMGL,3
AIML,AVFL,5
AIML,AVFR,4
AIML,AVHL,2
AIML,AVHR,1
AIML,AVJL,1
AIML,PVQL,1
AIML,RID,2
AIML,AVDL,1
AIML,SMBVL,4
AIML,ASGL,1
AIML,SIBVR,1
AIMR,ADFR,2
AIMR,ASGR,6
AIMR,ASJR,4
AIMR,ASKR,4
AIMR,OLQDR,1
AIMR,CEPVR,1
AIMR,BDUR,2
AIMR,URXR,5
AIMR,AIAR,10
AIMR,AIMR,1
AIMR,ALA,2
AIMR,RIFR,3
AIMR,RMGR,4
AIMR,AVFL,3
AIMR,AVFR,4
AIMR,AVHR,2
AIMR,AVJR,1
AIMR,PVNR,1
AIMR,AVAR,1
AIMR,AVDR,2
AIMR,RMDR,1
AIMR,HSNL,3
AIMR,HSNR,3
AIMR,ASJR,1
AIMR,CEPVR,1
AIMR,AVKR,3
AIMR,SMBVR,1
AINL,ASEL,1
AINL,ASGR,1
AINL,ASIL,11
AINL,AFDR,10
AINL,CEPVR,2
AINL,BAGL,5
AINL,AUAR,2
AINL,AIAR,1
AINL,RIBL,2
AINL,RIBR,3
AINL,RMFL,1
AINL,RID,2
AINL,RMDVL,3
AINL,SAAVL,3
AINL,ASGR,1
AINL,AUAR,1
AINL,ADEL,2
AINL,AINR,1
AINR,ASEL,1
AINR,ASER,3
AINR,ASGL,1
AINR,AWCL,2
AINR,AFDL,9
AINR,AFDR,3
AINR,CEPDL,2
AINR,BAGR,9
AINR,URXL,2
AINR,URXR,2
AINR,AUAL,1
AINR,AUAR,2
AINR,AIAL,2
AINR,AIBL,2
AINR,AINL,1
AINR,AINR,1
AINR,RIBL,8
AINR,RID,2
AINR,ASGL,1
AINR,ASIL,1
AINR,BAGL,3
AINR,AUAL,3
AINR,ADER,4
AINR,AINL,1
AINR,RIAL,2
AIYL,ASER,1
AIYL,AWAL,14
AIYL,AWCL,5
AIYL,AWCR,3
AIYL,AFDL,2
AIYL,AIBL,3
AIYL,AIZL,67
AIYL,RIAL,51
AIYL,RIBL,42
AIYL,RIH,1
AIYL,RIR,1
AIYL,HSNR,1
AIYL,AFDL,2
AIYL,AIYR,4
AIYL,AVKL,1
AIYL,RIML,5
AIYR,ADFR,1
AIYR,ASEL,2
AIYR,ASER,4
AIYR,ASGR,2
AIYR,AWAR,1
AIYR,AWBR,1
AIYR,AFDR,1
AIYR,BAGR,1
AIYR,AIYL,7
AIYR,AIZR,70
AIYR,AINL,1
AIYR,RIAR,50
AIYR,RIBR,60
AIYR,RIVR,1
AIYR,ASIR,1
AIYR,AUAR,1
AIYR,AIYL,4
AIYR,RIMR,3
AIZL,ADFL,1
AIZL,ASEL,4
AIZL,AWCR,2
AIZL,AFDL,1
AIZL,URYDL,3
AIZL,AIAL,12
AIZL,AIBL,10
AIZL,AIBR,53
AIZL,RIAL,29
AIZL,RICR,11
AIZL,RIGL,4
AIZL,AVKR,4
AIZL,DVA,1
AIZL,AVEL,3
AIZL,AVER,26
AIZL,RIML,35
AIZL,SMBDL,24
AIZL,SMBVL,21
AIZL,SMDVL,3
AIZL,VB02,1
AIZL,VBWML7,1
AIZL,ADFL,1
AIZL,ASGL,3
AIZL,ASHL,2
AIZL,AWAL,3
AIZL,AIBR,3
AIZL,AIZR,18
AIZL,RIGL,1
AIZL,RIH,1
AIZR,ADFR,1
AIZR,ASER,2
AIZR,AWAR,1
AIZR,AWCR,2
AIZR,AIAR,5
AIZR,AIBL,50
AIZR,AIBR,3
AIZR,RIAR,25
AIZR,DVA,3
AIZR,AVEL,28
AIZR,AVER,1
AIZR,RIMR,34
AIZR,SIADR,1
AIZR,SMBDR,17
AIZR,SMBVR,10
AIZR,SMDDR,4
AIZR,ASGR,1
AIZR,ASHR,6
AIZR,AWAR,3
AIZR,AIBL,4
AIZR,AIZL,18
AIZR,SIBVL,1
ALA,ASJR,4
ALA,RIAR,2
ALA,AVAR,3
ALA,AVDR,1
ALA,AVEL,8
ALA,AVER,4
ALA,RMDR,3
ALA,ASJL,2
ALA,ASKR,1
ALA,RID,4
ALA,AVAL,1
ALA,AVER,3
ALA,HSNR,1
ALML,CEPDL,2
ALML,CEPVL,3
ALML,ALML,1
ALML,BDUL,15
ALML,SDQL,2
ALML,AIML,1
ALML,RICL,2
ALML,RICR,3
ALML,RIFL,2
ALML,RMGL,3
ALML,PVCL,11
ALML,PVCR,4
ALML,AVDR,3
ALML,AVEL,3
ALML,RMDDR,1
ALML,SMBDR,2
ALML,AVM,7
ALML,BDUL,23
ALML,RMGL,3
ALML,PVR,3
ALML,RMDDR,2
ALML,SMBDR,1
ALMR,CEPDR,1
ALMR,CEPVR,3
ALMR,BDUR,14
ALMR,URBR,1
ALMR,PVCR,10
ALMR,RMDDL,1
ALMR,SIADL,1
ALMR,SMDDL,1
ALMR,AVM,16
ALMR,BDUR,23
ALMR,SDQR,2
ALMR,PVR,3
ALMR,AVDR,2
ALNL,RIAL,1
ALNL,RMGL,1
ALNL,RMDDR,1
ALNL,RMHL,1
ALNL,SAAVL,8
ALNL,SIADR,1
ALNL,SMBDR,7
ALNL,SMDVL,1
ALNL,SMBDR,3
ALNL,SMDDR,2
ALNL,SMDVL,1
ALNL,HYP,3
ALNR,IL2DR,7
ALNR,ADER,1
ALNR,AVAL,6
ALNR,RIML,5
ALNR,SAAVR,3
ALNR,SMBDL,4
ALNR,SMDDR,1
ALNR,SMDVL,2
ALNR,ADER,2
ALNR,RMGR,1
ALNR,PVR,16
ALNR,SMDDL,1
ANAL,INTL,4
ANAL,INTR,4
ANAL,SPH,4
AQR,BAGL,8
AQR,BAGR,5
AQR,URXL,5
AQR,RIAL,8
AQR,RIAR,4
AQR,RIGL,1
AQR,RIR,1
AQR,AVJL,3
AQR,DVA,6
AQR,PVPL,3
AQR,PVPR,1
AQR,PVCL,1
AQR,PVCR,4
AQR,AVAL,4
AQR,AVAR,6
AQR,AVBL,7
AQR,AVBR,12
AQR,AVDL,3
AQR,AVDR,2
AQR,RIGR,3
AQR,AVKL,7
AQR,AVKR,2
AQR,PVPL,41
AQR,PVPR,61
AQR,AVBL,3
AS01,DA01,8
AS01,DB01,3
AS01,AS01,3
AS01,DD01,2
AS01,VD01,20
AS01,DBWML6,4
AS01,DBWML7,6
AS01,DBWMR6,10
AS01,DBWMR7,10
AS01,FLPR,1
AS01,AVEL,2
AS01,AVER,1
AS01,VA03,3
AS01,VA06,3
AS01,VD02,23
AS02,RID,2
AS02,DB01,1
AS02,DD01,3
AS02,VD02,21
AS02,DBWML7,2
AS02,DBWML8,5
AS02,DBWML9,6
AS02,DBWMR7,3
AS02,DBWMR8,4
AS02,DBWMR9,2
AS02,DA02,2
AS02,VA03,2
AS02,VA04,9
AS03,DA03,1
AS03,VD03,23
AS03,DBWML9,1
AS03,DBWML10,7
AS03,DBWMR9,8
AS03,DBWMR10,5
AS03,AVAR,1
AS04,DA03,2
AS04,DB02,2
AS04,DD01,2
AS04,DD02,4
AS04,VD04,21
AS04,DBWML10,5
AS04,DBWML11,5
AS04,DBWML12,2
AS04,DBWMR11,4
AS04,DBWMR12,5
AS04,DA02,1
AS04,DA03,4
AS05,AS05,3
AS05,VD05,12
AS05,DBWML11,2
AS05,DBWML12,8
AS05,DBWMR12,2
AS05,AVAR,3
AS05,AVBR,2
AS06,DA05,1
AS06,DB04,1
AS06,VD06,20
AS06,DBWML13,2
AS06,DBWML14,3
AS06,DBWMR13,5
AS06,DBWMR14,9
AS06,AVAR,2
AS06,AVBL,1
AS06,AVBR,1
AS06,DA05,5
AS07,VD07,20
AS07,DBWML15,2
AS07,DBWML16,3
AS07,DBWMR15,2
AS07,DBWMR16,3
AS08,VD08,20
AS08,DBWML17,2
AS08,DBWML18,3
AS08,DBWMR17,2
AS08,DBWMR18,3
AS09,VD09,20
AS09,DBWML19,3
AS09,DBWML20,2
AS09,DBWMR19,2
AS09,DBWMR20,3
AS10,VD10,10
AS10,VD11,10
AS10,DBWML20,3
AS10,DBWML21,2
AS10,DBWMR21,3
AS10,DBWMR22,2
AS10,AVHL,1
AS10,AVKL,1
AS10,AVAL,5
AS10,AVAR,2
AS10,AVBL,1
AS10,DA07,1
AS10,DA09,1
AS10,DB07,1
AS10,VA12,3
AS10,HYP,7
AS11,DD06,6
AS11,VD12,20
AS11,VD13,4
AS11,DBWML21,3
AS11,DBWML22,2
AS11,DBWMR22,3
AS11,DBWMR23,2
AS11,AVFL,2
AS11,AVG,1
AS11,AVHL,3
AS11,AVHR,17
AS11,AVKL,1
AS11,DVA,1
AS11,DVB,4
AS11,PVPL,6
AS11,AVAR,3
AS11,DA08,1
AS11,PDB,4
AS11,VA11,1
AS11,VB11,1
AS11,HYP,31
ASEL,ADFR,1
ASEL,ASER,2
ASEL,ASJL,1
ASEL,AWBL,1
ASEL,AWCL,16
ASEL,AWCR,11
ASEL,AFDR,3
ASEL,IL2R,1
ASEL,OLLR,1
ASEL,AIAL,6
ASEL,AIBL,16
ASEL,AIBR,13
ASEL,AIYL,32
ASEL,AIYR,21
ASEL,AIZL,1
ASEL,RIAR,2
ASEL,RIR,1
ASEL,ASGL,3
ASEL,AWCL,1
ASEL,AWCR,2
ASEL,AFDL,6
ASEL,AFDR,2
ASER,ADLL,4
ASER,ADLR,1
ASER,ASEL,3
ASER,ASHR,2
ASER,ASKL,1
ASER,AWAR,1
ASER,AWCL,1
ASER,AWCR,1
ASER,AFDL,2
ASER,AFDR,3
ASER,AIAL,8
ASER,AIAR,4
ASER,AIBL,4
ASER,AIBR,32
ASER,AIYL,9
ASER,AIYR,38
ASER,AIZL,1
ASER,ASGR,3
ASER,AWBR,1
ASER,AFDR,1
ASER,PVQR,1
ASGL,ASKL,2
ASGL,AIAL,46
ASGL,AIBL,17
ASGL,AINR,2
ASGL,ASEL,3
ASGL,AWBL,1
ASGL,AIZL,3
ASGL,AIML,1
ASGL,AINR,1
ASGL,RIVL,2
ASGR,ASER,3
ASGR,AIAR,51
ASGR,AIBR,20
ASGR,AIYR,1
ASGR,RIFR,14
ASGR,ADFR,1
ASGR,ADLR,1
ASGR,ASER,3
ASGR,ASIR,4
ASGR,AWCR,2
ASGR,AIAR,3
ASGR,AIZR,1
ASGR,AINL,1
ASHL,ADFL,6
ASHL,ADLL,6
ASHL,ASKL,1
ASHL,URXL,2
ASHL,AIAL,24
ASHL,AIBL,13
ASHL,AIZL,3
ASHL,ADAL,2
ASHL,RIAL,9
ASHL,RIR,4
ASHL,RIPL,4
ASHL,AVFL,2
ASHL,AVHR,2
ASHL,AVAL,15
ASHL,AVAR,1
ASHL,AVBL,14
ASHL,AVDL,7
ASHL,AVDR,20
ASHL,RIML,4
ASHL,HSNL,2
ASHL,ADFL,1
ASHL,ASHR,7
ASHL,ASKL,18
ASHL,AIZL,2
ASHL,RICL,5
ASHL,RMGL,3
ASHR,ADFR,3
ASHR,ADLR,13
ASHR,ASHR,2
ASHR,AWAR,1
ASHR,AWBL,1
ASHR,AIAR,28
ASHR,AIBR,7
ASHR,ADAR,5
ASHR,RIAR,3
ASHR,RMGR,6
ASHR,AVHL,1
ASHR,PVPR,1
ASHR,PVCL,3
ASHR,AVAR,10
ASHR,AVBR,6
ASHR,AVDL,27
ASHR,AVDR,2
ASHR,AVER,7
ASHR,SMBVR,7
ASHR,HSNL,4
ASHR,HSNR,5
ASHR,ASHL,7
ASHR,ASKR,2
ASHR,AFDR,4
ASHR,AIAR,1
ASHR,AIZR,6
ASHR,ADAR,3
ASHR,RICR,4
ASHR,RMGR,3
ASHR,AVHL,2
ASHR,AVAR,2
ASHR,AVER,1
ASIL,ADFL,1
ASIL,ASER,8
ASIL,ASGL,3
ASIL,ASKL,3
ASIL,AWAR,2
ASIL,AWCL,3
ASIL,AWCR,4
ASIL,CEPVR,1
ASIL,AIAL,2
ASIL,AIBL,3
ASIL,AIYL,3
ASIL,AIYR,2
ASIL,AIZL,1
ASIL,RIAL,3
ASIL,RIBL,1
ASIL,RMFL,1
ASIL,SAAVL,2
ASIL,AIAL,1
ASIL,AINR,1
ASIR,ADLR,1
ASIR,ASEL,2
ASIR,ASER,2
ASIR,ASGR,3
ASIR,ASHR,2
ASIR,AWAR,1
ASIR,AWCL,2
ASIR,AWCR,5
ASIR,CEPVR,1
ASIR,AIAL,1
ASIR,AIAR,4
ASIR,AIBR,3
ASIR,ASGR,4
ASIR,AIAL,2
ASIR,AIAR,3
ASIR,AIYR,1
ASJL,ASJR,1
ASJL,ASKL,12
ASJL,ASKR,1
ASJL,CEPDL,1
ASJL,ALA,3
ASJL,PVQL,34
ASJL,HSNL,1
ASJL,HSNR,1
ASJL,ASJR,7
ASJL,IL2L,1
ASJL,AIAL,1
ASJL,ALA,2
ASJL,PVQL,1
ASJL,RIVL,1
ASJR,ASKR,12
ASJR,PVQR,19
ASJR,HSNR,1
ASJR,ASJL,7
ASJR,AIMR,1
ASJR,PVQR,5
ASKL,ASER,4
ASKL,ASJL,1
ASKL,AIAL,29
ASKL,AIBL,9
ASKL,AIML,5
ASKL,ASHL,18
ASKL,ASKR,9
ASKL,AIAL,2
ASKL,AIBL,1
ASKL,AVHL,8
ASKL,PVQL,8
ASKL,HSNL,1
ASKR,ADLR,3
ASKR,ASER,1
ASKR,ASGR,1
ASKR,AWAR,2
ASKR,CEPVR,2
ASKR,AIAL,1
ASKR,AIAR,35
ASKR,AIBR,2
ASKR,AIMR,5
ASKR,ALA,1
ASKR,RIFR,1
ASKR,HSNL,1
ASKR,ADLR,1
ASKR,ASHR,2
ASKR,ASKL,9
ASKR,ASKR,2
ASKR,AIAR,1
ASKR,AIBR,3
ASKR,ALA,1
ASKR,RMGR,1
ASKR,AVHR,10
ASKR,PVQR,25
ASKR,HSNR,3
AUAL,ADFL,1
AUAL,BAGR,3
AUAL,URXL,1
AUAL,AIBR,1
AUAL,AIYL,1
AUAL,AIZL,2
AUAL,RIAL,21
AUAL,RIBL,35
AUAL,DVA,2
AUAL,AVAL,11
AUAL,AVDR,2
AUAL,AVEL,9
AUAL,AWBL,4
AUAL,AWCL,1
AUAL,AUAR,2
AUAL,AINR,3
AUAL,RMDVL,2
AUAR,BAGL,1
AUAR,URXR,5
AUAR,AIYR,1
AUAR,AIZR,2
AUAR,AINL,1
AUAR,AINR,1
AUAR,RIAR,22
AUAR,RIBR,31
AUAR,AVAR,3
AUAR,AVER,13
AUAR,AWBR,3
AUAR,URXR,3
AUAR,AUAL,2
AUAR,AIYR,1
AUAR,AINL,1
AVAL,RIAL,3
AVAL,PVNL,1
AVAL,PVCL,21
AVAL,PVCR,16
AVAL,AVAR,12
AVAL,AVBL,2
AVAL,AVDL,3
AVAL,AVDR,2
AVAL,AVEL,1
AVAL,AVER,2
AVAL,LUAL,6
AVAL,LUAR,2
AVAL,SABVL,2
AVAL,DA01,6
AVAL,DA02,10
AVAL,DA03,12
AVAL,DA04,12
AVAL,DA05,14
AVAL,DA07,4
AVAL,DA08,5
AVAL,DA09,3
AVAL,DB07,2
AVAL,AS02,2
AVAL,AS04,2
AVAL,AS05,6
AVAL,AS07,6
AVAL,AS08,6
AVAL,AS09,11
AVAL,AS10,5
AVAL,AS11,8
AVAL,VA01,2
AVAL,VA02,8
AVAL,VA03,6
AVAL,VA04,7
AVAL,VA05,7
AVAL,VA06,8
AVAL,VA07,7
AVAL,VA08,7
AVAL,VA09,7
AVAL,VA10,9
AVAL,VA11,6
AVAL,VA12,5
AVAL,PVDR,6
AVAL,URYDL,2
AVAL,URYVR,2
AVAL,PHCL,1
AVAL,PHCR,3
AVAL,ALA,1
AVAL,AVJL,7
AVAL,AVJR,4
AVAL,PVNL,1
AVAL,PVPL,1
AVAL,PVPR,2
AVAL,PVCL,5
AVAL,PVCR,15
AVAL,AVAR,18
AVAL,AVDL,7
AVAL,AVDR,9
AVAL,AVEL,2
AVAL,LUAL,2
AVAL,LUAR,2
AVAL,RIMR,11
AVAL,SABD,7
AVAL,SABVR,8
AVAL,DA01,2
AVAL,DA02,7
AVAL,DA03,6
AVAL,DA04,2
AVAL,DA05,2
AVAL,DA06,4
AVAL,DA07,10
AVAL,DA08,8
AVAL,DA09,1
AVAL,AS10,5
AVAL,VA01,5
AVAL,VA02,13
AVAL,VA03,6
AVAL,VA04,6
AVAL,VA05,4
AVAL,VA06,13
AVAL,VA07,2
AVAL,VA08,2
AVAL,VA09,5
AVAL,VA10,6
AVAL,VA11,2
AVAL,VB11,2
AVAL,HYP,3
AVAR,RIGL,1
AVAR,PVCL,20
AVAR,PVCR,20
AVAR,AVAL,7
AVAR,AVBL,3
AVAR,AVBR,4
AVAR,AVDL,3
AVAR,AVDR,6
AVAR,AVER,3
AVAR,LUAL,4
AVAR,LUAR,16
AVAR,SAAVR,6
AVAR,SABVR,2
AVAR,SMDVR,1
AVAR,DA01,2
AVAR,DA02,9
AVAR,DA03,8
AVAR,DA04,9
AVAR,DA05,9
AVAR,DA06,4
AVAR,DA07,6
AVAR,DA08,20
AVAR,DA09,3
AVAR,DB02,2
AVAR,DB03,2
AVAR,AS01,2
AVAR,AS02,3
AVAR,AS04,2
AVAR,AS05,1
AVAR,AS06,2
AVAR,AS07,6
AVAR,AS08,10
AVAR,AS09,10
AVAR,AS11,10
AVAR,VA02,5
AVAR,VA03,6
AVAR,VA04,6
AVAR,VA05,2
AVAR,VA06,9
AVAR,VA07,7
AVAR,VA08,7
AVAR,VA09,7
AVAR,VA10,4
AVAR,VA11,13
AVAR,HYP,1
AVAR,ASHR,2
AVAR,PVDL,4
AVAR,URYDR,5
AVAR,PHBL,1
AVAR,PHCR,1
AVAR,AVJR,3
AVAR,PVT,2
AVAR,PVWR,2
AVAR,PVCL,10
AVAR,PVCR,22
AVAR,AVAL,18
AVAR,AVBL,3
AVAR,AVDL,2
AVAR,AVDR,15
AVAR,AVER,2
AVAR,LUAR,4
AVAR,RIML,8
AVAR,RIMR,2
AVAR,RMDR,2
AVAR,RMDVR,1
AVAR,SAAVR,1
AVAR,SABVL,15
AVAR,SABVR,2
AVAR,DA01,9
AVAR,DA02,3
AVAR,DA03,7
AVAR,DA04,2
AVAR,DA05,5
AVAR,DA06,4
AVAR,DA08,5
AVAR,DA09,4
AVAR,AS03,1
AVAR,AS05,3
AVAR,AS06,2
AVAR,AS10,2
AVAR,AS11,3
AVAR,VA01,7
AVAR,VA03,3
AVAR,VA04,3
AVAR,VA05,5
AVAR,VA07,5
AVAR,VA08,2
AVAR,VA09,4
AVAR,VA10,4
AVAR,VA11,16
AVAR,VA12,3
AVAR,VD11,1
AVAR,HYP,4
AVBL,SDQL,1
AVBL,AVJR,1
AVBL,AVL,1
AVBL,DVA,2
AVBL,PVNR,3
AVBL,PVPR,3
AVBL,PVCR,2
AVBL,AVAL,9
AVBL,AVAR,14
AVBL,AVBR,6
AVBL,AVDR,3
AVBL,AVER,1
AVBL,DA05,1
AVBL,DA07,1
AVBL,AS04,1
AVBL,AS05,2
AVBL,AS10,2
AVBL,VA02,3
AVBL,VA10,1
AVBL,VB02,3
AVBL,HYP,1
AVBL,VC03,3
AVBL,SDQR,1
AVBL,AQR,3
AVBL,RIBL,6
AVBL,RIBR,2
AVBL,DVA,11
AVBL,PVNR,5
AVBL,RID,2
AVBL,AVAR,3
AVBL,AVBR,17
AVBL,SIBVL,2
AVBL,DB02,4
AVBL,DB03,9
AVBL,DB04,4
AVBL,DB05,3
AVBL,DB06,4
AVBL,DB07,13
AVBL,AS06,1
AVBL,AS10,1
AVBL,VA11,1
AVBL,VB01,1
AVBL,VB02,14
AVBL,VB04,3
AVBL,VB05,3
AVBL,VB06,3
AVBL,VB07,4
AVBL,VB08,4
AVBL,VB09,3
AVBL,VB10,4
AVBL,VB11,5
AVBR,AIBR,1
AVBR,AVJL,2
AVBR,AVAL,10
AVBR,AVAR,14
AVBR,AVBL,2
AVBR,AVDL,4
AVBR,AVER,2
AVBR,DA03,3
AVBR,DA04,1
AVBR,DA07,1
AVBR,DB04,1
AVBR,AS01,2
AVBR,AS03,3
AVBR,AS04,1
AVBR,AS10,1
AVBR,VA03,3
AVBR,VA04,2
AVBR,VD03,2
AVBR,VBWML16,1
AVBR,HSNR,1
AVBR,RIBL,3
AVBR,RIBR,3
AVBR,AVJR,3
AVBR,DVA,3
AVBR,PVNL,7
AVBR,PVNR,2
AVBR,PVPR,1
AVBR,RID,7
AVBR,AVBL,17
AVBR,SIBDL,2
AVBR,DB01,15
AVBR,DB02,3
AVBR,DB03,2
AVBR,DB04,5
AVBR,DB05,4
AVBR,DB06,3
AVBR,DB07,3
AVBR,AS05,2
AVBR,AS06,1
AVBR,VA11,3
AVBR,VB02,6
AVBR,VB03,7
AVBR,VB04,5
AVBR,VB05,3
AVBR,VB06,4
AVBR,VB07,3
AVBR,VB08,3
AVBR,VB09,4
AVBR,VB10,3
AVBR,VB11,6
AVBR,HYP,5
AVDL,AVJL,1
AVDL,DVC,2
AVDL,PVCL,1
AVDL,AVAL,37
AVDL,AVAR,37
AVDL,AVDR,5
AVDL,AVEL,5
AVDL,LUAL,2
AVDL,SABD,5
AVDL,SABVL,2
AVDL,SABVR,5
AVDL,DA01,4
AVDL,DA02,2
AVDL,DA03,9
AVDL,DA04,3
AVDL,DA05,1
AVDL,DA08,2
AVDL,AS04,2
AVDL,AS10,1
AVDL,AS11,4
AVDL,VA03,3
AVDL,VA05,1
AVDL,VA10,2
AVDL,VA12,1
AVDL,AVM,8
AVDL,FLPL,5
AVDL,FLPR,9
AVDL,PQR,2
AVDL,ADAR,3
AVDL,RIFL,1
AVDL,AVHL,2
AVDL,AVJR,1
AVDL,PVNR,1
AVDL,PVT,1
AVDL,AVAL,7
AVDL,AVAR,2
AVDL,AVDR,6
AVDL,VA10,1
AVDL,HYP,3
AVDR,PQR,3
AVDR,ALA,1
AVDR,AVJR,1
AVDR,DVC,4
AVDR,PVCR,2
AVDR,AVAL,41
AVDR,AVAR,52
AVDR,AVBL,1
AVDR,AVDL,3
AVDR,AVER,2
AVDR,LUAL,3
AVDR,SABD,1
AVDR,SABVL,5
AVDR,SABVR,1
AVDR,DA01,5
AVDR,DA02,5
AVDR,DA03,3
AVDR,DA04,2
AVDR,DA05,3
AVDR,DA08,1
AVDR,DB01,1
AVDR,DB04,1
AVDR,AS10,2
AVDR,AS11,3
AVDR,VA02,1
AVDR,VA03,2
AVDR,VA05,3
AVDR,VA11,1
AVDR,HYP,2
AVDR,ADLL,2
AVDR,ALMR,2
AVDR,FLPR,2
AVDR,PQR,3
AVDR,ADAL,2
AVDR,AVJL,6
AVDR,PVNL,1
AVDR,PVNR,1
AVDR,PVWR,1
AVDR,PVCR,2
AVDR,AVAL,9
AVDR,AVAR,15
AVDR,AVDL,6
AVDR,SIADL,1
AVEL,ALML,1
AVEL,RMGL,2
AVEL,PVT,1
AVEL,PVCL,1
AVEL,PVCR,2
AVEL,AVAL,17
AVEL,AVAR,3
AVEL,AVDL,5
AVEL,SABD,18
AVEL,SABVL,16
AVEL,SABVR,12
AVEL,DA01,11
AVEL,DA02,5
AVEL,DA03,6
AVEL,DB03,1
AVEL,AS01,3
AVEL,VA01,12
AVEL,VA03,1
AVEL,VD02,1
AVEL,VD03,1
AVEL,AFDL,1
AVEL,BAGR,1
AVEL,RIS,3
AVEL,RMGL,2
AVEL,AVL,1
AVEL,PVPR,1
AVEL,AVAL,2
AVEL,AVER,5
AVEL,RIML,10
AVEL,RIMR,7
AVEL,RMDVR,2
AVEL,RMEV,1
AVEL,SMDVR,1
AVEL,AS01,2
AVER,OLLL,1
AVER,CEPDL,1
AVER,URXR,1
AVER,AIZR,1
AVER,RMGR,1
AVER,AVAL,14
AVER,AVAR,33
AVER,AVDL,4
AVER,AVDR,4
AVER,AVEL,3
AVER,RIMR,1
AVER,SABD,1
AVER,SABVL,12
AVER,SABVR,11
AVER,DA01,11
AVER,DA02,7
AVER,DA03,3
AVER,DB03,1
AVER,AS01,6
AVER,AS02,4
AVER,AS03,1
AVER,VA01,5
AVER,VA02,4
AVER,VA03,1
AVER,VA04,2
AVER,ASHR,1
AVER,ALA,3
AVER,RIFL,1
AVER,AVKR,1
AVER,AVAR,2
AVER,AVEL,5
AVER,RIML,9
AVER,RIMR,11
AVER,RMDDL,2
AVER,RMDR,5
AVER,RMDVL,1
AVER,RMDVR,7
AVER,RMEV,1
AVER,SMDDR,1
AVER,DA01,1
AVER,AS01,1
AVFL,AIML,1
AVFL,RIFL,1
AVFL,RIFR,1
AVFL,AVFR,12
AVFL,AVG,5
AVFL,AVHL,4
AVFL,AVHR,1
AVFL,AVJL,2
AVFL,AVL,5
AVFL,DVB,1
AVFL,PVNL,1
AVFL,PVQL,1
AVFL,AVBL,4
AVFL,AVBR,1
AVFL,SMBVL,1
AVFL,AS10,1
AVFL,VB01,2
AVFL,VB02,2
AVFL,VBWML10,1
AVFL,VBWML11,1
AVFL,VBWML13,1
AVFL,HYP,1
AVFL,INTESTINE,1
AVFL,HSNL,2
AVFL,HSNR,3
AVFL,VC01,1
AVFL,AVFR,31
AVFL,AVG,1
AVFL,AVHL,4
AVFL,AVHR,5
AVFL,PVNR,1
AVFL,PVPL,2
AVFL,PVPR,1
AVFL,PVQR,5
AVFL,PVCL,1
AVFL,AS11,2
AVFL,VA11,1
AVFL,VD12,3
AVFL,HYP,8
AVFL,VC05,1
AVFR,ASHR,1
AVFR,PVDL,1
AVFR,AIAL,1
AVFR,AIML,1
AVFR,RMGL,1
AVFR,AVFL,7
AVFR,AVG,1
AVFR,AVHL,3
AVFR,AVHR,3
AVFR,AVJL,5
AVFR,PVPR,1
AVFR,PVQL,2
AVFR,PVCR,1
AVFR,AVAL,1
AVFR,AVBL,6
AVFR,AVBR,6
AVFR,RMDDL,1
AVFR,VA02,1
AVFR,VBWML11,1
AVFR,VBWML12,1
AVFR,VBWMR10,1
AVFR,VBWMR14,2
AVFR,HYP,1
AVFR,HSNL,4
AVFR,HSNR,3
AVFR,RMGL,1
AVFR,AVFL,31
AVFR,AVG,1
AVFR,AVHL,11
AVFR,AVHR,7
AVFR,PVPL,3
AVFR,PVQL,2
AVFR,PVQR,2
AVFR,VB01,1
AVFR,HYP,3
AVG,PHAL,3
AVG,AVFL,3
AVG,AVG,2
AVG,AVJL,7
AVG,AVJR,3
AVG,DVC,2
AVG,PVNL,2
AVG,PVNR,4
AVG,PVQR,2
AVG,PVT,2
AVG,PVCL,1
AVG,PVCR,2
AVG,AVAL,3
AVG,AVAR,3
AVG,AVBL,5
AVG,AVBR,3
AVG,AVDL,1
AVG,AVDR,3
AVG,AVER,1
AVG,DA08,1
AVG,VA06,1
AVG,VA11,1
AVG,VBWML10,1
AVG,VBWML11,2
AVG,VBWML16,2
AVG,VC01,2
AVG,PVDL,1
AVG,PHAL,3
AVG,PHAR,2
AVG,PHCR,1
AVG,RIFR,3
AVG,AVFL,1
AVG,AVFR,1
AVG,AVHR,4
AVG,AVJR,1
AVG,AVL,4
AVG,DVC,12
AVG,PVPL,3
AVG,PVPR,2
AVG,PVQL,1
AVG,PVT,4
AVG,AS11,1
AVG,DD06,1
AVG,HYP,6
AVHL,ADFR,5
AVHL,ASHR,1
AVHL,AWBR,3
AVHL,BDUR,1
AVHL,RIFR,1
AVHL,RIR,2
AVHL,AVFL,1
AVHL,AVFR,5
AVHL,AVHR,1
AVHL,AVJL,4
AVHL,AVJR,1
AVHL,PVPR,2
AVHL,PVQR,3
AVHL,AVAR,1
AVHL,AVBL,2
AVHL,AVBR,1
AVHL,AVDL,1
AVHL,RIMR,1
AVHL,SABD,1
AVHL,SMBDR,4
AVHL,SMBVR,4
AVHL,DD01,1
AVHL,VD01,1
AVHL,ASHR,2
AVHL,ASKL,8
AVHL,PHAL,1
AVHL,PHBL,1
AVHL,PHBR,10
AVHL,PHCR,2
AVHL,AVFL,4
AVHL,AVFR,11
AVHL,AVHR,15
AVHL,AVJR,6
AVHL,DVB,1
AVHL,PVNL,1
AVHL,PVNR,1
AVHL,PVPL,2
AVHL,PVPR,6
AVHL,AVDL,2
AVHL,LUAL,1
AVHL,DB07,3
AVHL,AS10,1
AVHL,AS11,3
AVHL,VD12,8
AVHL,HYP,35
AVHR,ADLR,3
AVHR,ASKR,1
AVHR,AWBL,1
AVHR,AQR,1
AVHR,RIGL,1
AVHR,RIR,8
AVHR,AVFL,2
AVHR,AVFR,2
AVHR,AVHL,1
AVHR,AVJR,5
AVHR,DVA,1
AVHR,PVPL,9
AVHR,AVAL,1
AVHR,AVBL,3
AVHR,AVBR,1
AVHR,AVDR,1
AVHR,SMBDL,3
AVHR,SMBVL,1
AVHR,VBWMR9,1
AVHR,ASKR,10
AVHR,PHAR,2
AVHR,PHBL,2
AVHR,PHBR,2
AVHR,AVFL,5
AVHR,AVFR,7
AVHR,AVG,4
AVHR,AVHL,15
AVHR,AVJL,3
AVHR,AVJR,2
AVHR,AVL,2
AVHR,DVC,4
AVHR,PVNL,1
AVHR,PVNR,1
AVHR,PVPL,4
AVHR,PVPR,3
AVHR,PVQL,3
AVHR,PVQR,2
AVHR,PVT,2
AVHR,SIAVL,1
AVHR,DA08,5
AVHR,AS11,17
AVHR,DD06,1
AVHR,VA11,1
AVHR,VD12,13
AVHR,HYP,11
AVJL,ASHR,1
AVJL,AINL,1
AVJL,RIFR,1
AVJL,RIS,1
AVJL,AVHL,3
AVJL,AVJR,1
AVJL,PVNR,4
AVJL,PVCL,5
AVJL,PVCR,1
AVJL,AVAR,1
AVJL,AVBL,5
AVJL,AVBR,6
AVJL,AVDL,1
AVJL,AVEL,1
AVJL,SABD,1
AVJL,PQR,5
AVJL,RIFR,1
AVJL,RIS,15
AVJL,AVHR,3
AVJL,AVJR,10
AVJL,PVNL,5
AVJL,PVNR,2
AVJL,PVWL,3
AVJL,PVWR,5
AVJL,PVCL,3
AVJL,PVCR,19
AVJL,AVAL,7
AVJL,AVDR,6
AVJL,LUAL,5
AVJL,LUAR,1
AVJL,PDB,2
AVJL,HYP,3
AVJR,ALML,3
AVJR,AVM,1
AVJR,FLPR,2
AVJR,AVJL,1
AVJR,RID,2
AVJR,PVCL,5
AVJR,PVCR,7
AVJR,AVAL,4
AVJR,AVAR,5
AVJR,AVBL,10
AVJR,AVBR,2
AVJR,AVDL,1
AVJR,AVDR,7
AVJR,AVER,3
AVJR,SABVL,3
AVJR,PQR,2
AVJR,ADER,1
AVJR,PHBL,1
AVJR,PHCR,1
AVJR,AVG,1
AVJR,AVHL,6
AVJR,AVHR,2
AVJR,AVJL,10
AVJR,PVNR,5
AVJR,PVT,1
AVJR,PVWR,1
AVJR,PVCL,3
AVJR,PVCR,1
AVJR,AVAL,4
AVJR,AVAR,3
AVJR,AVBR,3
AVJR,AVDL,1
AVJR,LUAR,1
AVJR,VA11,2
AVJR,HYP,3
AVKL,AVM,2
AVKL,RMFL,2
AVKL,DVA,1
AVKL,AVBL,2
AVKL,AVEL,4
AVKL,AVER,2
AVKL,RIML,3
AVKL,RIMR,2
AVKL,RMDL,1
AVKL,RIVL,5
AVKL,SAADL,1
AVKL,SAADR,3
AVKL,SAAVL,3
AVKL,SIAVR,2
AVKL,SIBVR,2
AVKL,VBWML11,3
AVKL,VBWMR6,2
AVKL,PVM,1
AVKL,AQR,7
AVKL,ADER,4
AVKL,PDEL,2
AVKL,PDER,1
AVKL,AIYL,1
AVKL,RIGL,2
AVKL,RIGR,1
AVKL,AVKR,9
AVKL,AVL,3
AVKL,DVA,18
AVKL,PVPL,3
AVKL,PVPR,6
AVKL,PVT,5
AVKL,SMBDL,2
AVKL,SMBDR,2
AVKL,SMBVL,6
AVKL,SMBVR,2
AVKL,AS10,1
AVKL,AS11,1
AVKL,VB10,1
AVKL,HYP,1
AVKR,BDUL,3
AVKR,RIGL,1
AVKR,RMFL,2
AVKR,RMGL,2
AVKR,AVKL,3
AVKR,PVPL,1
AVKR,PVQL,1
AVKR,RIML,5
AVKR,RIMR,3
AVKR,RMDL,1
AVKR,RMDR,2
AVKR,RMHR,1
AVKR,SAADL,2
AVKR,SIADL,3
AVKR,SMBDL,3
AVKR,SMDDR,3
AVKR,SMDVR,1
AVKR,VBWML9,2
AVKR,VBWML11,1
AVKR,HYP,2
AVKR,AQR,2
AVKR,PDEL,1
AVKR,AIMR,3
AVKR,RICL,4
AVKR,RIGR,2
AVKR,AVKL,9
AVKR,PVPL,22
AVKR,PVQL,2
AVKR,PVT,1
AVKR,AVER,1
AVKR,RIMR,1
AVKR,SMBDL,1
AVKR,SMBDR,9
AVKR,SMBVR,6
AVKR,HYP,34
AVL,RIS,1
AVL,AVKR,2
AVL,DVB,1
AVL,DVC,2
AVL,PVPR,2
AVL,PVWL,1
AVL,AVEL,3
AVL,RIMR,2
AVL,SABD,9
AVL,SABVL,9
AVL,SABVR,6
AVL,DD01,4
AVL,DD06,1
AVL,VD12,3
AVL,VBWML10,5
AVL,VBWML11,4
AVL,VBWML12,1
AVL,VBWML15,1
AVL,VBWMR8,4
AVL,INTESTINE,1
AVL,HSNR,2
AVL,VC01,2
AVL,VC02,2
AVL,VC06,1
AVL,AVG,4
AVL,AVHR,2
AVL,AVKL,3
AVL,DVB,14
AVL,DVC,22
AVL,PVNR,2
AVL,PVPL,1
AVL,PVPR,8
AVL,PVT,6
AVL,PVWR,3
AVL,AVEL,1
AVL,DA09,4
AVL,PDA,3
AVL,DD06,28
AVL,VD11,1
AVL,VD12,2
AVL,VD13,5
AVL,VC06,2
AVM,BDUL,3
AVM,BDUR,5
AVM,ADER,4
AVM,AVHL,3
AVM,AVJR,1
AVM,AVKL,1
AVM,PVNL,4
AVM,PVNR,3
AVM,PVR,6
AVM,RID,2
AVM,PVCL,10
AVM,PVCR,17
AVM,AVBL,13
AVM,AVBR,9
AVM,AVDL,1
AVM,AVDR,1
AVM,SIBVL,4
AVM,DA01,2
AVM,VA02,1
AVM,VB03,1
AVM,ALML,7
AVM,ALMR,16
AVM,PVR,4
AVM,AVDL,8
AWAL,ASEL,7
AWAL,ASGL,1
AWAL,ASHL,2
AWAL,AWBL,9
AWAL,AFDL,7
AWAL,AIYL,3
AWAL,AIZL,23
AWAL,ADAL,2
AWAL,ADLL,1
AWAL,AWAR,2
AWAL,AIZL,3
AWAR,ADFR,9
AWAR,ASER,5
AWAR,ASGR,1
AWAR,ASIL,2
AWAR,AWBR,3
AWAR,AFDR,23
AWAR,AUAR,1
AWAR,AIAR,3
AWAR,AIYR,8
AWAR,AIZR,25
AWAR,RIFR,5
AWAR,RIGR,6
AWAR,RIR,2
AWAR,ADFR,3
AWAR,AWAL,2
AWAR,AIAR,3
AWAR,AIZR,3
AWBL,ADFL,25
AWBL,ASEL,1
AWBL,ASHL,2
AWBL,AWAL,2
AWBL,AWCL,1
AWBL,AIAL,4
AWBL,AIBR,1
AWBL,AIYL,1
AWBL,AIZL,15
AWBL,RIAL,10
AWBL,RIGL,2
AWBL,AVHR,2
AWBL,AVBL,2
AWBL,SMBDL,2
AWBL,SMBVL,3
AWBL,HSNL,1
AWBL,ASGL,1
AWBL,AWBR,3
AWBL,AUAL,4
AWBL,AIAL,1
AWBL,RMGL,1
AWBR,ADFR,7
AWBR,ASER,1
AWBR,ASGR,1
AWBR,ASHR,2
AWBR,OLQVR,1
AWBR,URYVR,1
AWBR,AIYR,1
AWBR,AIZR,8
AWBR,AIMR,1
AWBR,RIAR,3
AWBR,RIFR,1
AWBR,RIR,7
AWBR,AVBR,2
AWBR,HSNL,2
AWBR,HSNR,2
AWBR,ADFR,1
AWBR,ASER,1
AWBR,AWBL,3
AWBR,AUAR,3
AWBR,RICL,4
AWBR,RMGR,1
AWCL,ASER,1
AWCL,ASGR,1
AWCL,ASIL,1
AWCL,AWCR,11
AWCL,AFDL,2
AWCL,AIAL,2
AWCL,AIAR,4
AWCL,AIBL,12
AWCL,AIBR,2
AWCL,AIYL,22
AWCL,AIZL,1
AWCL,RIAL,6
AWCL,AVAL,1
AWCL,SMDVL,1
AWCL,ADFL,1
AWCL,ASEL,1
AWCL,AUAL,1
AWCR,ADFR,1
AWCR,ASEL,8
AWCR,ASER,5
AWCR,ASGR,3
AWCR,ASHR,1
AWCR,ASIL,2
AWCR,ASIR,2
AWCR,AWCL,17
AWCR,IL2L,2
AWCR,AIAL,1
AWCR,AIAR,8
AWCR,AIBL,3
AWCR,AIBR,18
AWCR,AIYL,12
AWCR,AIYR,22
AWCR,RIAL,3
AWCR,RIVL,3
AWCR,ASEL,2
AWCR,ASGR,2
AWCR,AFDR,3
AWCR,AIAL,1
AWCR,AIAR,1
BAGL,ADFR,1
BAGL,CEPVR,2
BAGL,BAGR,1
BAGL,URXR,1
BAGL,AUAR,2
BAGL,AIBL,2
BAGL,AIZR,2
BAGL,AINL,1
BAGL,RIAR,18
BAGL,RIBR,19
BAGL,RIGL,3
BAGL,RIGR,7
BAGL,RIPR,1
BAGL,RID,3
BAGL,AVAR,3
BAGL,AVEL,2
BAGL,AVER,7
BAGL,RIVR,2
BAGL,URAVR,1
BAGL,BAGR,1
BAGL,AINR,3
BAGL,RIGL,1
BAGL,RIGR,2
BAGL,RIR,4
BAGR,OLQVL,2
BAGR,BAGL,3
BAGR,AQR,3
BAGR,AIYL,3
BAGR,RIAL,18
BAGR,RIBL,22
BAGR,RIBR,1
BAGR,RIGL,10
BAGR,AVAL,4
BAGR,AVEL,8
BAGR,SMDVL,1
BAGR,BAGL,1
BAGR,RIR,5
BAGR,AVEL,1
BDUL,ALML,1
BDUL,ADEL,6
BDUL,ADAL,2
BDUL,RIFL,2
BDUL,RMGL,3
BDUL,AVHL,2
BDUL,AVJR,2
BDUL,PVNL,2
BDUL,PVNR,4
BDUL,URADL,3
BDUL,SAADL,3
BDUL,DBWML5,3
BDUL,HSNL,3
BDUL,ALML,23
BDUL,PVNL,1
BDUR,CEPVR,1
BDUR,ALMR,4
BDUR,SDQL,2
BDUR,ADER,4
BDUR,AVHL,2
BDUR,AVJL,5
BDUR,PVNL,11
BDUR,PVNR,5
BDUR,PVCL,3
BDUR,AVAL,7
BDUR,AVBR,1
BDUR,URADR,3
BDUR,DBWMR6,1
BDUR,HSNR,8
BDUR,ALMR,23
BDUR,PVR,3
BDUR,HSNR,1
CEPDL,AFDL,2
CEPDL,IL1DL,18
CEPDL,IL2DL,1
CEPDL,OLQDL,27
CEPDL,OLLL,8
CEPDL,CEPDR,1
CEPDL,ALML,2
CEPDL,URYDL,7
CEPDL,AINL,2
CEPDL,RIBL,3
CEPDL,RICL,11
CEPDL,RICR,8
CEPDL,RIH,1
CEPDL,RIS,3
CEPDL,RMGL,6
CEPDL,URBL,11
CEPDL,RIPL,8
CEPDL,AVER,13
CEPDL,RMDVL,13
CEPDL,RMHL,1
CEPDL,RMHR,8
CEPDL,URADL,8
CEPDL,SIADR,4
CEPDL,SIBDL,2
CEPDL,SIBVR,2
CEPDL,SMBDR,5
CEPDL,DBWML5,2
CEPDL,OLQDL,2
CEPDR,IL1DR,15
CEPDR,IL1R,1
CEPDR,OLQDR,20
CEPDR,OLLR,13
CEPDR,CEPDR,6
CEPDR,BDUR,5
CEPDR,URXR,2
CEPDR,URYDR,3
CEPDR,RICL,13
CEPDR,RICR,19
CEPDR,RIFR,2
CEPDR,RIH,4
CEPDR,RMGR,1
CEPDR,URBR,14
CEPDR,AVEL,9
CEPDR,RMDR,1
CEPDR,RMDVR,3
CEPDR,RMHL,7
CEPDR,RMHR,1
CEPDR,URADR,3
CEPDR,SIBDR,1
CEPDR,SMBDL,1
CEPDR,DBWMR3,5
CEPDR,DBWMR5,2
CEPDR,OLQDR,8
CEPVL,IL1VL,9
CEPVL,OLQVL,19
CEPVL,OLLL,4
CEPVL,URXL,2
CEPVL,URYVL,5
CEPVL,RIAL,1
CEPVL,RIBL,3
CEPVL,RICL,20
CEPVL,RICR,17
CEPVL,RMGL,2
CEPVL,RIPL,4
CEPVL,PVR,3
CEPVL,AVER,5
CEPVL,RMDDL,7
CEPVL,RMDVR,8
CEPVL,RMHL,10
CEPVL,RMHR,5
CEPVL,URAVL,6
CEPVL,SIAVL,6
CEPVL,SMBVL,1
CEPVL,SMDVR,1
CEPVL,VBWML5,1
CEPVL,VBWML7,2
CEPVL,OLQVL,4
CEPVL,RIH,1
CEPVL,URAVL,3
CEPVR,ADLR,3
CEPVR,ASGR,2
CEPVR,IL1VR,8
CEPVR,IL2VR,3
CEPVR,OLQVR,11
CEPVR,OLLR,14
CEPVR,CEPDR,1
CEPVR,URYVR,2
CEPVR,RIAL,1
CEPVR,RIAR,1
CEPVR,RICL,13
CEPVR,RICR,12
CEPVR,RIPR,3
CEPVR,AVEL,13
CEPVR,RMDDR,4
CEPVR,RMHR,15
CEPVR,RIVL,2
CEPVR,URAVR,3
CEPVR,SIAVR,7
CEPVR,SMBVR,2
CEPVR,SMDDR,2
CEPVR,VBWMR3,1
CEPVR,VBWMR5,2
CEPVR,VBWMR8,2
CEPVR,IL2VR,1
CEPVR,OLQVR,1
CEPVR,AIMR,1
DA01,FLPR,2
DA01,DB01,1
DA01,AS01,13
DA01,DD01,12
DA01,VD02,4
DA01,DBWML6,9
DA01,DBWML7,8
DA01,DBWML8,3
DA01,DBWMR6,8
DA01,DBWMR7,9
DA01,FLPR,5
DA01,AVAL,2
DA01,AVAR,9
DA01,AVER,1
DA01,DA02,1
DA02,DA03,1
DA02,DB01,1
DA02,AS02,1
DA02,DD01,7
DA02,VD02,17
DA02,VD03,11
DA02,DBWML7,1
DA02,DBWML8,5
DA02,DBWML9,4
DA02,DBWML10,2
DA02,DBWMR7,3
DA02,DBWMR8,6
DA02,DBWMR9,7
DA02,FLPR,6
DA02,AVAL,7
DA02,AVAR,3
DA02,DA01,1
DA02,DA05,1
DA02,AS02,2
DA02,AS04,1
DA02,VA01,9
DA02,VA06,3
DA03,DA04,2
DA03,DB03,2
DA03,AS04,2
DA03,DD02,3
DA03,VD03,43
DA03,VD04,13
DA03,DBWML9,3
DA03,DBWML10,17
DA03,DBWML11,12
DA03,DBWMR9,3
DA03,DBWMR10,14
DA03,DBWMR11,4
DA03,DBWMR12,2
DA03,FLPR,16
DA03,AVAL,6
DA03,AVAR,7
DA03,DA04,1
DA03,DA05,1
DA03,AS04,4
DA03,VA02,1
DA03,VA06,1
DA04,DB02,2
DA04,DD02,4
DA04,VD04,11
DA04,VD05,21
DA04,DBWML11,6
DA04,DBWML12,10
DA04,DBWML13,1
DA04,DBWMR11,5
DA04,DBWMR12,4
DA04,DBWMR13,9
DA04,PVCL,1
DA04,AVAL,2
DA04,AVAR,2
DA04,DA03,1
DA04,VA03,1
DA05,DA04,1
DA05,DB04,1
DA05,DD03,12
DA05,VD05,1
DA05,VD06,22
DA05,DBWML12,1
DA05,DBWML13,10
DA05,DBWML14,7
DA05,DBWMR12,2
DA05,DBWMR13,7
DA05,DBWMR14,8
DA05,AVAL,2
DA05,AVAR,5
DA05,DA02,1
DA05,DA03,1
DA05,AS06,5
DA06,DA05,1
DA06,DB05,1
DA06,DD03,7
DA06,VD04,3
DA06,VD05,3
DA06,VD06,13
DA06,VD07,13
DA06,DBWML11,1
DA06,DBWML12,1
DA06,DBWML13,5
DA06,DBWML14,4
DA06,DBWML15,4
DA06,DBWML16,4
DA06,DBWMR10,1
DA06,DBWMR11,1
DA06,DBWMR12,1
DA06,DBWMR13,5
DA06,DBWMR14,4
DA06,DBWMR15,4
DA06,DBWMR16,4
DA06,AVAL,4
DA06,AVAR,4
DA07,DA06,1
DA07,DB06,1
DA07,DD04,3
DA07,VD07,10
DA07,VD08,12
DA07,VD09,10
DA07,DBWML14,3
DA07,DBWML15,3
DA07,DBWML16,3
DA07,DBWML17,3
DA07,DBWML18,4
DA07,DBWML19,3
DA07,DBWMR14,3
DA07,DBWMR15,3
DA07,DBWMR16,3
DA07,DBWMR17,3
DA07,DBWMR18,4
DA07,DBWMR19,3
DA07,PVQR,1
DA07,PVCL,1
DA07,PVCR,3
DA07,AVAL,10
DA07,DA08,1
DA07,AS10,1
DA07,VD11,2
DA08,DA07,1
DA08,DB07,1
DA08,DD04,4
DA08,DD05,4
DA08,VD08,5
DA08,VD09,5
DA08,VD10,7
DA08,VD11,5
DA08,VD12,5
DA08,VD13,5
DA08,DBWML16,3
DA08,DBWML17,3
DA08,DBWML18,3
DA08,DBWML19,3
DA08,DBWML20,4
DA08,DBWML21,3
DA08,DBWMR16,3
DA08,DBWMR17,3
DA08,DBWMR18,3
DA08,DBWMR19,3
DA08,DBWMR20,4
DA08,DBWMR21,3
DA08,PHCL,2
DA08,AVHR,5
DA08,DVB,5
DA08,PVWL,1
DA08,PVCL,17
DA08,PVCR,1
DA08,AVAL,8
DA08,AVAR,5
DA08,DA07,1
DA08,DA09,15
DA08,PDA,1
DA08,AS11,1
DA08,DD06,2
DA08,VA10,2
DA08,VA12,6
DA08,HYP,1
DA09,DVA,1
DA09,DA08,1
DA09,DB07,1
DA09,AS11,1
DA09,DD06,4
DA09,VA12,1
DA09,VD09,5
DA09,VD10,5
DA09,VD11,11
DA09,VD12,11
DA09,VD13,1
DA09,DBWML19,3
DA09,DBWML20,3
DA09,DBWML21,3
DA09,DBWML22,3
DA09,DBWML23,3
DA09,DBWML24,4
DA09,DBWMR19,3
DA09,DBWMR20,3
DA09,DBWMR21,3
DA09,DBWMR22,3
DA09,DBWMR23,3
DA09,DBWMR24,4
DA09,HYP,2
DA09,PHCR,7
DA09,AVL,4
DA09,DVA,3
DA09,PVR,15
DA09,PVCR,3
DA09,AVAL,1
DA09,AVAR,4
DA09,DA08,15
DA09,PDA,9
DA09,AS10,1
DA09,VA10,1
DA09,VA11,3
DA09,VA12,1
DA09,VB11,1
DA09,VD13,2
DA09,HYP,1
DB01,FLPR,1
DB01,RID,1
DB01,DA01,16
DB01,DA02,2
DB01,AS01,28
DB01,AS02,4
DB01,DD01,31
DB01,VD02,24
DB01,VD03,2
DB01,DBWML6,3
DB01,DBWML8,3
DB01,DBWML9,6
DB01,DBWMR8,6
DB01,DBWMR9,2
DB01,DVA,3
DB01,RID,2
DB01,AVBR,15
DB01,DB02,5
DB01,VB03,5
DB02,DA02,3
DB02,DA03,12
DB02,DA04,1
DB02,AS03,3
DB02,AS04,2
DB02,DD01,3
DB02,DD02,16
DB02,VD03,33
DB02,VD04,15
DB02,DBWML9,2
DB02,DBWML10,4
DB02,DBWML11,5
DB02,DBWML12,1
DB02,DBWMR9,1
DB02,DBWMR10,6
DB02,DBWMR11,8
DB02,AVBL,4
DB02,AVBR,3
DB02,DB01,5
DB02,DB03,14
DB02,VB04,1
DB03,DA04,4
DB03,DA05,1
DB03,AS04,2
DB03,AS05,1
DB03,DD02,3
DB03,DD03,14
DB03,DD05,14
DB03,VD04,9
DB03,VD05,24
DB03,VD06,4
DB03,DBWML11,6
DB03,DBWML12,1
DB03,DBWML13,3
DB03,DBWML14,1
DB03,DBWMR11,2
DB03,DBWMR12,13
DB03,DBWMR13,1
DB03,RID,1
DB03,AVBL,9
DB03,AVBR,2
DB03,DB02,14
DB03,DB04,1
DB03,DD03,1
DB03,VB06,1
DB04,DA05,3
DB04,AS06,2
DB04,DD03,9
DB04,DD04,2
DB04,DD05,9
DB04,DD06,2
DB04,VD06,14
DB04,DBWML13,4
DB04,DBWML14,1
DB04,DBWML15,3
DB04,DBWML16,3
DB04,DBWMR13,3
DB04,DBWMR14,5
DB04,DBWMR15,3
DB04,DBWMR16,3
DB04,AVBL,4
DB04,AVBR,5
DB04,DB03,1
DB04,DB05,5
DB04,DD03,1
DB05,DA06,3
DB05,DA07,12
DB05,DA08,1
DB05,AS07,3
DB05,AS08,2
DB05,VD04,3
DB05,VD05,3
DB05,VD06,13
DB05,VD07,13
DB05,DBWML14,2
DB05,DBWML15,2
DB05,DBWML16,2
DB05,DBWML17,2
DB05,DBWML18,2
DB05,DBWML19,2
DB05,DBWMR14,2
DB05,DBWMR15,2
DB05,DBWMR16,2
DB05,DBWMR17,2
DB05,DBWMR18,2
DB05,DBWMR19,2
DB05,AVBL,3
DB05,AVBR,4
DB05,DB04,5
DB05,DB06,5
DB06,DA08,4
DB06,DA09,1
DB06,AS08,2
DB06,AS09,1
DB06,VD07,10
DB06,VD08,12
DB06,VD09,10
DB06,DBWML16,2
DB06,DBWML17,2
DB06,DBWML18,2
DB06,DBWML19,2
DB06,DBWML20,2
DB06,DBWML21,2
DB06,DBWMR16,2
DB06,DBWMR17,2
DB06,DBWMR18,2
DB06,DBWMR19,2
DB06,DBWMR20,2
DB06,DBWMR21,2
DB06,DVA,2
DB06,AVBL,3
DB06,AVBR,4
DB06,DB05,5
DB06,DB07,5
DB07,DA09,3
DB07,AS10,2
DB07,AS11,2
DB07,VD08,5
DB07,VD09,5
DB07,VD10,7
DB07,VD11,5
DB07,VD12,5
DB07,VD13,5
DB07,DBWML19,2
DB07,DBWML20,2
DB07,DBWML21,2
DB07,DBWML22,2
DB07,DBWML23,2
DB07,DBWML24,2
DB07,DBWMR19,2
DB07,DBWMR20,2
DB07,DBWMR21,2
DB07,DBWMR22,2
DB07,DBWMR23,2
DB07,DBWMR24,2
DB07,AVHL,3
DB07,DVA,3
DB07,PVR,4
DB07,PVCL,8
DB07,PVCR,2
DB07,AVBL,13
DB07,AVBR,3
DB07,DB06,5
DB07,AS10,1
DB07,PDB,2
DB07,VA10,1
DB07,HYP,1
DBWML1,DBWML2,15
DBWML1,DBWML3,15
DBWML10,DBWML9,15
DBWML10,DBWML11,15
DBWML11,DBWML10,15
DBWML11,DBWML12,15
DBWML12,DBWML11,15
DBWML12,DBWML13,15
DBWML13,DBWML12,15
DBWML13,DBWML14,15
DBWML14,DBWML13,15
DBWML14,DBWML15,15
DBWML15,DBWML14,15
DBWML15,DBWML16,15
DBWML16,DBWML15,15
DBWML16,DBWML17,15
DBWML17,DBWML16,15
DBWML17,DBWML18,15
DBWML18,DBWML17,15
DBWML18,DBWML19,15
DBWML19,DBWML18,15
DBWML19,DBWML20,15
DBWML2,DBWML1,15
DBWML2,DBWML3,15
DBWML20,DBWML19,15
DBWML20,DBWML21,15
DBWML21,DBWML20,15
DBWML21,DBWML22,15
DBWML22,DBWML21,15
DBWML22,DBWML23,15
DBWML23,DBWML22,15
DBWML23,DBWML24,15
DBWML24,DBWML23,15
DBWML3,DBWML1,15
DBWML3,DBWML2,15
DBWML3,DBWML4,15
DBWML4,DBWML3,15
DBWML4,DBWML5,15
DBWML5,DBWML4,15
DBWML5,DBWML6,15
DBWML6,DBWML5,15
DBWML6,DBWML7,15
DBWML7,DBWML6,15
DBWML7,DBWML8,15
DBWML8,DBWML7,15
DBWML8,DBWML9,15
DBWML9,VD02,1
DBWML9,DBWML8,15
DBWML9,DBWML10,15
DBWMR1,DBWMR2,15
DBWMR1,DBWMR3,15
DBWMR10,DBWMR9,15
DBWMR10,DBWMR11,15
DBWMR11,DBWMR10,15
DBWMR11,DBWMR12,15
DBWMR12,DBWMR11,15
DBWMR12,DBWMR13,15
DBWMR13,DBWMR12,15
DBWMR13,DBWMR14,15
DBWMR14,DBWMR13,15
DBWMR14,DBWMR15,15
DBWMR15,DBWMR14,15
DBWMR15,DBWMR16,15
DBWMR16,DBWMR15,15
DBWMR16,DBWMR17,15
DBWMR17,DBWMR16,15
DBWMR17,DBWMR18,15
DBWMR18,DBWMR17,15
DBWMR18,DBWMR19,15
DBWMR19,DBWMR18,15
DBWMR19,DBWMR20,15
DBWMR2,DBWMR1,15
DBWMR2,DBWMR3,15
DBWMR20,DBWMR19,15
DBWMR20,DBWMR21,15
DBWMR21,DBWMR20,15
DBWMR21,DBWMR22,15
DBWMR22,DBWMR21,15
DBWMR22,DBWMR23,15
DBWMR23,DBWMR22,15
DBWMR23,DBWMR24,15
DBWMR24,DBWMR23,15
DBWMR3,DBWMR1,15
DBWMR3,DBWMR2,15
DBWMR3,DBWMR4,15
DBWMR4,DBWMR3,15
DBWMR4,DBWMR5,15
DBWMR5,DBWMR4,15
DBWMR5,DBWMR6,15
DBWMR6,DBWMR5,15
DBWMR6,DBWMR7,15
DBWMR7,DBWMR6,15
DBWMR7,DBWMR8,15
DBWMR8,DBWMR7,15
DBWMR8,DBWMR9,15
DBWMR9,DBWMR8,15
DBWMR9,DBWMR10,15
DD01,DA02,3
DD01,VB02,1
DD01,VD02,1
DD01,DBWML6,1
DD01,DBWML7,4
DD01,DBWML8,9
DD01,DBWML9,13
DD01,DBWMR6,3
DD01,DBWMR7,2
DD01,DBWMR8,10
DD01,DBWMR9,8
DD01,DBWMR10,2
DD01,FLPL,1
DD01,RIFR,2
DD01,SABVR,1
DD01,DD02,6
DD01,VD02,3
DD01,VD03,4
DD01,VBWML8,2
DD01,VC01,1
DD02,DA03,2
DD02,VD03,1
DD02,VD04,1
DD02,DBWML10,4
DD02,DBWML11,9
DD02,DBWML12,6
DD02,DBWMR10,2
DD02,DBWMR11,10
DD02,DBWMR12,1
DD02,DD01,6
DD02,DD03,2
DD02,VD03,1
DD02,VD04,2
DD02,VD05,1
DD03,DA05,1
DD03,DBWML12,4
DD03,DBWML13,6
DD03,DBWML14,2
DD03,DBWML15,5
DD03,DBWMR11,1
DD03,DBWMR12,8
DD03,DBWMR13,8
DD03,DBWMR14,3
DD03,DBWMR15,5
DD03,DB03,1
DD03,DB04,1
DD03,DD02,2
DD03,DD04,3
DD04,DBWML16,5
DD04,DBWML17,9
DD04,DBWML18,5
DD04,DBWMR13,1
DD04,DBWMR14,2
DD04,DBWMR15,2
DD04,DBWMR16,5
DD04,DBWMR17,9
DD04,DBWMR18,5
DD04,DD03,3
DD04,DD05,3
DD05,DBWML19,5
DD05,DBWML20,9
DD05,DBWML21,5
DD05,DBWMR19,5
DD05,DBWMR20,9
DD05,DBWMR21,5
DD05,DVB,1
DD05,DD04,3
DD05,DD06,3
DD06,DBWML22,5
DD06,DBWML23,9
DD06,DBWML24,5
DD06,DBWMR22,5
DD06,DBWMR23,9
DD06,DBWMR24,5
DD06,AVG,1
DD06,AVHR,1
DD06,AVL,28
DD06,DVB,3
DD06,DVC,1
DD06,PVNL,1
DD06,PVPL,2
DD06,PVPR,9
DD06,PVT,3
DD06,DA08,2
DD06,PDA,1
DD06,DD05,3
DD06,VA12,7
DD06,VD11,3
DD06,VD12,14
DD06,VD13,2
DVA,URXL,1
DVA,URYDL,3
DVA,AQR,6
DVA,AUAL,4
DVA,AUAR,8
DVA,PDER,1
DVA,AIZL,5
DVA,AIZR,3
DVA,RIAL,3
DVA,RIAR,4
DVA,RIR,4
DVA,PVPR,3
DVA,PVR,2
DVA,PVCL,4
DVA,PVCR,1
DVA,AVAL,6
DVA,AVAR,2
DVA,AVBL,1
DVA,AVBR,1
DVA,AVDR,2
DVA,AVEL,19
DVA,AVER,17
DVA,RIMR,5
DVA,SAADR,5
DVA,SAAVL,3
DVA,SAAVR,1
DVA,SABD,2
DVA,SMBDL,6
DVA,SMBDR,6
DVA,SMBVL,5
DVA,SMBVR,6
DVA,SMDVL,1
DVA,DA02,1
DVA,DB02,2
DVA,DB03,3
DVA,DB04,1
DVA,DB07,1
DVA,VA02,2
DVA,VA06,1
DVA,VA08,1
DVA,VA12,1
DVA,VB01,1
DVA,VB11,2
DVA,HYP,1
DVA,PVM,1
DVA,SDQL,1
DVA,SDQR,1
DVA,PDEL,3
DVA,PDER,6
DVA,AVKL,18
DVA,DVC,1
DVA,PVPL,1
DVA,PVR,15
DVA,PVT,8
DVA,PVCL,3
DVA,PVCR,1
DVA,AVBL,11
DVA,AVBR,3
DVA,SAAVR,1
DVA,SIADR,1
DVA,SIAVR,1
DVA,DA09,3
DVA,PDA,1
DVA,DB01,3
DVA,DB06,2
DVA,DB07,3
DVA,AS11,1
DVA,VA11,1
DVA,HYP,4
DVB,PHCL,2
DVB,AVL,21
DVB,DVC,5
DVB,PVPL,10
DVB,DA08,10
DVB,PDA,2
DVB,DD06,10
DVB,VD13,1
DVB,HYP,12
DVB,INTESTINE,9
DVB,INTL,3
DVB,AVHL,1
DVB,AVL,14
DVB,DVB,2
DVB,DVC,15
DVB,PVPL,4
DVB,PVPR,4
DVB,PVT,3
DVB,DA08,5
DVB,AS11,4
DVB,DD05,1
DVB,DD06,3
DVB,VD11,2
DVB,VD13,5
DVB,HYP,1
DVC,PVDR,1
DVC,AIBL,3
DVC,AIBR,3
DVC,RIBL,2
DVC,RIBR,6
DVC,RIGL,16
DVC,RIGR,13
DVC,RMFL,14
DVC,RMFR,9
DVC,AVKL,2
DVC,PVPL,4
DVC,PVT,1
DVC,AVAL,14
DVC,AVAR,16
DVC,AVBL,1
DVC,RIVR,2
DVC,URAVL,1
DVC,VD09,2
DVC,VBWMR20,2
DVC,PVDR,1
DVC,AIBL,2
DVC,AIBR,9
DVC,AVG,12
DVC,AVHR,4
DVC,AVL,22
DVC,DVA,1
DVC,DVB,15
DVC,PVNR,1
DVC,PVPL,20
DVC,PVPR,34
DVC,PVQR,7
DVC,PVT,11
DVC,DD06,1
DVC,VD01,2
DVC,VD11,1
DVC,VD13,1
DVC,HYP,2
DVC,VC06,1
FLPL,FLPR,2
FLPL,ADEL,22
FLPL,ADER,3
FLPL,AIBL,3
FLPL,AIBR,3
FLPL,RIS,1
FLPL,DVA,1
FLPL,PVCR,6
FLPL,AVAL,33
FLPL,AVAR,48
FLPL,AVBL,22
FLPL,AVBR,22
FLPL,AVDL,30
FLPL,AVDR,34
FLPL,DD01,6
FLPL,VA01,5
FLPL,FLPR,6
FLPL,SDQL,1
FLPL,AIBL,1
FLPL,RIH,1
FLPL,AVDL,5
FLPL,SIADR,1
FLPL,DD01,1
FLPR,FLPL,14
FLPR,ADER,6
FLPR,ADAL,1
FLPR,ADAR,1
FLPR,AVJL,2
FLPR,AVJR,2
FLPR,DVA,6
FLPR,PVCL,2
FLPR,AVAL,23
FLPR,AVAR,10
FLPR,AVBL,30
FLPR,AVBR,11
FLPR,AVDL,25
FLPR,AVDR,8
FLPR,AVEL,21
FLPR,AVER,7
FLPR,VB01,1
FLPR,FLPL,6
FLPR,ADER,4
FLPR,AVDL,9
FLPR,AVDR,2
FLPR,DA01,5
FLPR,DA02,6
FLPR,DA03,16
FLPR,AS01,1
HSNL,ADLL,1
HSNL,ADLR,1
HSNL,ASHL,3
HSNL,ASHR,1
HSNL,ASJR,2
HSNL,ASKL,3
HSNL,ASKR,2
HSNL,AWAR,3
HSNL,AWBL,5
HSNL,AWBR,3
HSNL,AIAL,8
HSNL,AIZL,6
HSNL,AIZR,3
HSNL,AIMR,2
HSNL,RIFL,9
HSNL,RIR,3
HSNL,RMGR,1
HSNL,AVFL,11
HSNL,AVFR,4
HSNL,AVJL,3
HSNL,PVQL,1
HSNL,RIML,4
HSNL,VBWML11,1
HSNL,VBWML15,3
HSNL,VBWML16,1
HSNL,VBWMR11,1
HSNL,HYP,1
HSNL,HSNL,1
HSNL,HSNR,5
HSNL,VC05,9
HSNL,VM2AL,6
HSNL,VM2AR,6
HSNL,VM2PL,6
HSNL,VM2PR,6
HSNL,ASKL,1
HSNL,RIFL,1
HSNL,PVPL,1
HSNL,HSNR,1
HSNR,ASHL,4
HSNR,AWBL,2
HSNR,BDUR,2
HSNR,AIAL,3
HSNR,AIBL,2
HSNR,AIZL,3
HSNR,AIZR,1
HSNR,RIFR,6
HSNR,RMGR,1
HSNR,AVFL,4
HSNR,AVFR,2
HSNR,AVHL,2
HSNR,AVHR,2
HSNR,AVJL,3
HSNR,PVNR,2
HSNR,PVPR,1
HSNR,PVQR,1
HSNR,PVT,1
HSNR,AVBR,1
HSNR,AVDR,1
HSNR,AVER,1
HSNR,RIML,1
HSNR,RIMR,1
HSNR,RMDDR,1
HSNR,SABD,1
HSNR,SABVR,1
HSNR,DA05,2
HSNR,DA06,1
HSNR,AS05,2
HSNR,VA06,2
HSNR,VBWMR9,1
HSNR,VBWMR10,4
HSNR,VBWMR15,1
HSNR,VBWMR16,2
HSNR,HSNL,1
HSNR,VC02,6
HSNR,VC03,1
HSNR,VC04,1
HSNR,VC05,2
HSNR,VM2AL,6
HSNR,VM2AR,6
HSNR,VM2PL,6
HSNR,VM2PR,6
HSNR,ASKR,3
HSNR,BDUR,1
HSNR,ALA,1
HSNR,PVNR,2
HSNR,PVPR,1
HSNR,HSNL,1
HYP,ADLL,1
HYP,PLML,3
HYP,PLMR,1
HYP,ALNL,3
HYP,PLNL,3
HYP,PLNR,2
HYP,PQR,1
HYP,PDER,1
HYP,PHAL,1
HYP,PHAR,1
HYP,PHBL,3
HYP,PHBR,4
HYP,PHCL,1
HYP,AVFL,8
HYP,AVFR,3
HYP,AVG,6
HYP,AVHL,35
HYP,AVHR,11
HYP,AVJL,3
HYP,AVJR,3
HYP,AVKL,1
HYP,AVKR,34
HYP,DVA,4
HYP,DVB,1
HYP,DVC,2
HYP,PVNL,2
HYP,PVNR,1
HYP,PVPL,41
HYP,PVPR,4
HYP,PVQL,3
HYP,PVQR,1
HYP,PVR,12
HYP,PVT,1
HYP,PVWL,6
HYP,PVWR,4
HYP,PVCL,4
HYP,PVCR,3
HYP,AVAL,3
HYP,AVAR,4
HYP,AVBR,5
HYP,AVDL,3
HYP,LUAR,7
HYP,DA08,1
HYP,DA09,1
HYP,PDA,2
HYP,DB07,1
HYP,AS10,7
HYP,AS11,31
HYP,PDB,11
HYP,VA02,1
HYP,VA10,2
HYP,VA11,1
HYP,VB11,1
HYP,VD11,2
HYP,VD12,5
HYP,HYP,13
I1L,I2L,10
I1L,I3,3
I1L,I5,2
I1L,I6,1
I1L,M2L,3
I1L,M3L,8
I1L,M3R,2
I1L,MCL,2
I1L,MCR,2
I1L,MI,2
I1L,NSML,3
I1L,PM1VL,2
I1L,PM3VL,7
I1L,PM4D,1
I1L,PM4VL,2
I1L,I2L,2
I1L,M3L,2
I1L,MCR,1
I1L,NSML,3
I1L,PM4VL,1
I1L,RIPL,2
I1R,I2R,6
I1R,I3,1
I1R,I5,2
I1R,M1,1
I1R,M2L,1
I1R,M2R,3
I1R,M3L,1
I1R,M3R,6
I1R,MCL,3
I1R,MCR,4
I1R,MI,1
I1R,NSML,1
I1R,NSMR,2
I1R,PM1VR,1
I1R,PM3VR,5
I1R,PM4D,1
I1R,PM4VR,2
I1R,PM5VR,1
I1R,I2R,1
I1R,I3,1
I1R,MCR,4
I1R,NSMR,2
I1R,PM3VR,3
I1R,PM4VR,2
I1R,RIPR,2
I2L,I1L,2
I2L,I2R,3
I2L,I4,13
I2L,I5,2
I2L,M1,1
I2L,NSML,14
I2L,NSMR,24
I2L,PM3VL,1
I2L,PM4VL,2
I2L,PM5D,1
I2L,PM5VL,2
I2L,PM5VR,1
I2L,I1L,2
I2L,I4,1
I2L,M2L,1
I2R,I1R,1
I2R,I2L,3
I2R,I4,20
I2R,I5,2
I2R,M1,3
I2R,M2R,2
I2R,M3R,2
I2R,M4,3
I2R,MCL,1
I2R,NSML,34
I2R,NSMR,7
I2R,PM1VR,1
I2R,PM3VR,1
I2R,PM4D,2
I2R,PM4VL,1
I2R,PM5VL,1
I2R,PM5VR,4
I2R,I1R,1
I2R,M1,1
I2R,M2R,1
I2R,MCR,1
I2R,NSMR,2
I3,I1L,1
I3,I5,2
I3,I6,1
I3,M1,2
I3,M2L,2
I3,M3L,2
I3,M3R,2
I3,M4,2
I3,MCL,1
I3,MCR,2
I3,MI,1
I3,NSMR,2
I3,PM4D,2
I3,PM5D,4
I3,I1R,1
I3,M1,1
I3,MI,1
I3,PM4D,3
I3,PM5D,1
I4,I2R,7
I4,I5,2
I4,M2L,5
I4,M3L,6
I4,M3R,22
I4,MI,1
I4,NSML,8
I4,NSMR,15
I4,PM4D,1
I4,PM5VL,11
I4,PM5VR,2
I4,I2L,1
I4,M2R,2
I4,M4,1
I4,PM5VL,1
I5,I1L,2
I5,I2L,3
I5,I2R,1
I5,I3,1
I5,I4,7
I5,M1,3
I5,M2L,4
I5,M3L,4
I5,M3R,2
I5,M4,19
I5,MI,4
I5,NSML,1
I5,NSMR,5
I5,PM5VL,4
I5,PM5VR,14
I5,M2L,1
I5,M2R,1
I5,M5,1
I6,I1R,1
I6,I2L,1
I6,I2R,4
I6,I3,12
I6,M3L,10
I6,M4,15
I6,NSML,24
I6,NSMR,23
I6,PM5D,13
I6,M4,5
IL1DL,IL2DL,1
IL1DL,RIPL,11
IL1DL,RMDDR,3
IL1DL,RMDVL,3
IL1DL,RMEL,1
IL1DL,URADL,10
IL1DL,SIBDL,3
IL1DL,DBWML1,11
IL1DL,DBWML2,4
IL1DL,DBWML3,5
IL1DL,DBWML6,9
IL1DL,DBWMR7,2
IL1DL,IL1DR,3
IL1DL,IL1L,2
IL1DL,RMEV,1
IL1DR,IL1DR,1
IL1DR,IL1R,2
IL1DR,IL2DR,5
IL1DR,OLLR,1
IL1DR,URYDR,2
IL1DR,RIPR,28
IL1DR,PVR,5
IL1DR,RMDDL,11
IL1DR,RMDVR,32
IL1DR,URADR,8
IL1DR,DBWMR1,14
IL1DR,DBWMR2,6
IL1DR,DBWMR3,12
IL1DR,IL1DL,3
IL1DR,IL1R,8
IL1DR,RMDVR,1
IL1DR,RMEV,4
IL1L,IL2L,1
IL1L,OLLL,1
IL1L,RMGL,1
IL1L,URBL,1
IL1L,AVER,5
IL1L,RMDDL,20
IL1L,RMDL,3
IL1L,RMDR,9
IL1L,RMDVL,22
IL1L,RMDVR,5
IL1L,RMER,4
IL1L,URAVL,4
IL1L,DBWML3,16
IL1L,DBWML4,15
IL1L,DBWML5,7
IL1L,VBWML1,20
IL1L,VBWML2,6
IL1L,VBWML4,4
IL1L,IL1DL,2
IL1L,IL1VL,8
IL1L,URBL,2
IL1L,RIPL,1
IL1L,RMER,1
IL1R,OLLR,1
IL1R,URXR,1
IL1R,AVEL,2
IL1R,AVER,5
IL1R,RMDDL,8
IL1R,RMDDR,12
IL1R,RMDL,11
IL1R,RMDR,4
IL1R,RMDVL,8
IL1R,RMDVR,17
IL1R,RMEL,5
IL1R,RMHL,3
IL1R,DBWMR3,16
IL1R,DBWMR4,3
IL1R,DBWMR5,13
IL1R,VBWMR4,19
IL1R,IL1DR,8
IL1R,IL1VR,8
IL1VL,IL1L,3
IL1VL,IL1VL,5
IL1VL,OLQVL,2
IL1VL,URYVL,4
IL1VL,RIPL,13
IL1VL,AVL,1
IL1VL,RMDDL,30
IL1VL,RMDVR,3
IL1VL,RMHL,1
IL1VL,URAVL,4
IL1VL,VBWML1,15
IL1VL,VBWML2,18
IL1VL,IL1L,8
IL1VL,IL1VR,11
IL1VL,RMDDL,1
IL1VL,RMED,3
IL1VR,IL1R,4
IL1VR,IL2VR,2
IL1VR,OLQVR,5
IL1VR,OLLR,1
IL1VR,RIPR,16
IL1VR,RMDDR,40
IL1VR,RMDVL,5
IL1VR,URAVR,4
IL1VR,VBWMR2,16
IL1VR,VBWMR4,24
IL1VR,IL1R,8
IL1VR,IL1VL,11
IL1VR,IL2VR,1
IL1VR,URAVR,4
IL2DL,IL1DL,17
IL2DL,IL2DL,2
IL2DL,OLQDL,2
IL2DL,AUAL,2
IL2DL,RIBL,1
IL2DL,RIH,2
IL2DL,RIPL,28
IL2DL,AVBR,2
IL2DL,RMED,2
IL2DL,RMEL,11
IL2DL,RMER,8
IL2DL,RMEV,1
IL2DL,RMHL,1
IL2DL,URADL,8
IL2DL,URADL,1
IL2DR,IL1DR,28
IL2DR,OLQDR,2
IL2DR,CEPDR,2
IL2DR,RICL,1
IL2DR,RICR,2
IL2DR,RIPL,1
IL2DR,RIPR,43
IL2DR,RMED,3
IL2DR,RMEL,12
IL2DR,RMER,11
IL2DR,RMEV,5
IL2DR,URADR,5
IL2DR,RMED,1
IL2DR,URADR,1
IL2L,IL1L,6
IL2L,OLQDL,20
IL2L,OLQVL,19
IL2L,URXL,3
IL2L,ADEL,6
IL2L,RICL,1
IL2L,RIH,25
IL2L,AVEL,2
IL2L,RMDL,5
IL2L,RMDR,3
IL2L,RMER,10
IL2L,RMEV,5
IL2L,URAVL,2
IL2L,ASJL,1
IL2L,OLLL,2
IL2L,URXL,1
IL2L,RMGL,5
IL2L,URBL,4
IL2L,RMDL,2
IL2L,RMER,2
IL2L,URAVL,1
IL2R,IL1R,2
IL2R,OLQDR,10
IL2R,OLQVR,26
IL2R,OLLR,5
IL2R,URXR,1
IL2R,ADER,5
IL2R,RIH,19
IL2R,RMGR,1
IL2R,URBR,3
IL2R,AVER,2
IL2R,RMDL,3
IL2R,RMEL,5
IL2R,RMEV,2
IL2R,URADR,2
IL2R,URAVR,1
IL2R,URXR,4
IL2R,RMGR,1
IL2R,URBR,4
IL2VL,IL1VL,27
IL2VL,IL2L,1
IL2VL,OLQVL,6
IL2VL,BAGR,1
IL2VL,RIAL,4
IL2VL,RIH,5
IL2VL,RIPL,36
IL2VL,DVC,1
IL2VL,RMEL,7
IL2VL,RMER,6
IL2VL,RMEV,2
IL2VL,URAVL,7
IL2VL,URAVL,3
IL2VR,ADLR,1
IL2VR,IL1VR,29
IL2VR,OLQVR,9
IL2VR,URXR,1
IL2VR,RIAR,2
IL2VR,RIH,5
IL2VR,RIPR,43
IL2VR,AVAL,1
IL2VR,RMED,2
IL2VR,RMEL,8
IL2VR,RMER,17
IL2VR,RMEV,15
IL2VR,URAVR,16
IL2VR,SIADR,1
IL2VR,IL1VR,1
IL2VR,CEPVR,1
INTL,INTR,4
INTL,SPH,4
INTL,ANAL,4
INTR,INTL,4
INTR,SPH,4
INTR,ANAL,4
LUAL,PHBL,2
LUAL,AVJL,4
LUAL,AVJR,1
LUAL,PVNL,1
LUAL,PVWL,1
LUAL,AVAL,27
LUAL,AVAR,23
LUAL,AVDL,27
LUAL,AVDR,6
LUAL,PLML,8
LUAL,AVHL,1
LUAL,AVJL,5
LUAL,PVNL,3
LUAL,PVQL,1
LUAL,PVR,6
LUAL,AVAL,2
LUAR,PQR,7
LUAR,AVJR,4
LUAR,PVNL,1
LUAR,PVR,2
LUAR,PVWL,3
LUAR,PVWR,2
LUAR,PVCR,9
LUAR,AVAL,13
LUAR,AVAR,31
LUAR,AVDL,5
LUAR,AVDR,14
LUAR,PDB,2
LUAR,HYP,1
LUAR,PLMR,9
LUAR,PHCR,1
LUAR,AVJL,1
LUAR,AVJR,1
LUAR,PVNR,2
LUAR,PVR,9
LUAR,PVT,4
LUAR,PVWL,3
LUAR,PVWR,3
LUAR,AVAL,2
LUAR,AVAR,4
LUAR,HYP,7
M1,I2L,3
M1,I2R,2
M1,I3,8
M1,I4,1
M1,I5,2
M1,MI,6
M1,NSML,2
M1,PM2D,1
M1,PM3VL,1
M1,PM4D,1
M1,PM5D,3
M1,I2R,1
M1,I3,1
M1,PM5D,3
M2L,I3,2
M2L,I4,8
M2L,I5,2
M2L,M3L,3
M2L,M3R,1
M2L,PM4D,3
M2L,PM4VL,9
M2L,PM5D,2
M2L,PM5VL,21
M2L,I2L,1
M2L,I5,1
M2L,M4,1
M2L,MCL,1
M2L,PM4VL,1
M2L,PM5VL,1
M2R,I4,1
M2R,I5,3
M2R,M3L,2
M2R,M3R,1
M2R,NSMR,1
M2R,PM4D,3
M2R,PM4VR,3
M2R,PM5VR,12
M2R,I2R,1
M2R,I4,2
M2R,I5,1
M2R,M3R,1
M2R,MCR,11
M2R,MI,5
M2R,PM5D,1
M3L,NSML,1
M3L,PM4D,17
M3L,PM4VL,6
M3L,PM5D,4
M3L,PM5VL,2
M3L,I1L,2
M3L,NSMR,1
M3L,PM4D,2
M3L,PM5D,1
M3L,PM5VL,1
M3R,M4,2
M3R,PM4D,6
M3R,PM4VR,1
M3R,M2R,1
M3R,NSMR,2
M3R,PM4VR,1
M3R,PM5D,1
M3R,PM5VR,1
M4,I4,5
M4,I5,1
M4,M2L,1
M4,M3L,1
M4,M4,15
M4,MCL,1
M4,PM4VR,1
M4,PM5D,69
M4,PM5VL,50
M4,PM5VR,72
M4,I4,1
M4,I6,5
M4,M2L,1
M4,M4,1
M4,M5,2
M4,PM5D,1
M4,PM5VL,1
M4,PM5VR,1
M5,PM5VL,1
M5,PM5VR,3
M5,PM6D,2
M5,PM6VL,2
M5,PM6VR,2
M5,PM7D,3
M5,PM7VR,2
M5,I5,1
M5,M4,2
M5,M5,1
M5,PM5VL,2
M5,PM6VR,2
MC1DL,PM3D,2
MC1DL,PM3VL,2
MC1DL,PM4D,2
MC1DL,PM4VL,2
MC1DL,MC2DL,2
MC1DR,PM3D,2
MC1DR,PM4D,2
MC1DR,PM4VR,4
MC1DR,MC2DR,2
MC1V,PM3VL,2
MC1V,PM3VR,2
MC1V,PM4VL,2
MC1V,PM4VR,2
MC2DL,PM5D,2
MC2DL,PM5VL,2
MC2DL,MC1DL,2
MC2DL,MC3DL,2
MC2DR,PM5D,2
MC2DR,PM5VR,2
MC2DR,MC1DR,2
MC2DR,MC3DR,2
MC2V,PM5VL,2
MC2V,PM5VR,2
MC3DL,PM6D,2
MC3DL,PM6VL,2
MC3DL,PM7D,2
MC3DL,PM7VL,2
MC3DL,PM8,2
MC3DL,MC2DL,2
MC3DR,PM6D,2
MC3DR,PM6VR,2
MC3DR,PM7D,2
MC3DR,PM7VR,2
MC3DR,PM8,2
MC3DR,MC2DR,2
MC3V,PM6VL,2
MC3V,PM6VR,2
MC3V,PM7VL,2
MC3V,PM7VR,2
MC3V,PM8,2
MCL,MC2DR,7
MCL,MC2V,13
MCL,M2L,1
MCR,MC2DL,6
MCR,MC2DR,4
MCR,MC2V,11
MCR,I1L,1
MCR,I1R,4
MCR,I2R,1
MCR,M2R,11
MI,I1L,1
MI,I3,2
MI,I4,1
MI,M1,7
MI,M2L,3
MI,M2R,2
MI,M3L,2
MI,MCL,3
MI,NSML,1
MI,NSMR,2
MI,PM4D,2
MI,PM4VL,1
MI,PM4VR,7
MI,PM5D,5
MI,I3,1
MI,M2R,5
MI,PM4D,3
NSML,I4,1
NSML,M3L,21
NSML,M3R,1
NSML,M4,13
NSML,NSMR,7
NSML,PM4VL,2
NSML,PM5D,38
NSML,PM5VL,63
NSML,PM5VR,8
NSML,I1L,3
NSML,NSMR,2
NSMR,I2L,1
NSMR,I2R,1
NSMR,I4,3
NSMR,I6,4
NSMR,M3R,24
NSMR,PM4D,3
NSMR,PM5D,9
NSMR,PM5VL,1
NSMR,PM5VR,53
NSMR,I1R,2
NSMR,I2R,2
NSMR,M3L,1
NSMR,M3R,2
NSMR,NSML,2
NSMR,PM5D,2
OLLL,IL1VL,3
OLLL,OLLL,4
OLLL,CEPDL,5
OLLL,CEPVL,14
OLLL,URYDL,2
OLLL,URYVL,1
OLLL,RIBL,24
OLLL,AVER,53
OLLL,RMDDL,22
OLLL,RMDL,6
OLLL,RMDVL,3
OLLL,RMEL,5
OLLL,SMDDL,8
OLLL,SMDDR,9
OLLL,SMDVR,10
OLLL,IL2L,2
OLLL,OLLR,11
OLLL,RIGL,3
OLLR,IL1DR,1
OLLR,IL1VR,2
OLLR,IL2R,1
OLLR,OLQDR,1
OLLR,OLLR,4
OLLR,CEPDR,4
OLLR,CEPVR,16
OLLR,URYVL,3
OLLR,ADER,2
OLLR,RIBR,21
OLLR,RIS,2
OLLR,AVEL,39
OLLR,RMDDR,26
OLLR,RMDL,9
OLLR,RMDR,2
OLLR,RMDVR,6
OLLR,RMED,1
OLLR,RMER,3
OLLR,SMDDL,3
OLLR,SMDDR,1
OLLR,SMDVL,11
OLLR,SMDVR,4
OLLR,OLLL,11
OLLR,RIGR,5
OLQDL,CEPDL,3
OLQDL,URYDL,3
OLQDL,RICR,6
OLQDL,RIH,3
OLQDL,RMDDL,1
OLQDL,RMDDR,10
OLQDL,RMED,1
OLQDL,RMEL,2
OLQDL,RMHL,1
OLQDL,SIBDL,9
OLQDL,DBWML6,1
OLQDL,CEPDL,2
OLQDL,RIBL,5
OLQDL,RIGL,3
OLQDL,URBL,3
OLQDL,RMDVL,1
OLQDR,IL1DR,1
OLQDR,RICL,2
OLQDR,RICR,2
OLQDR,RIH,2
OLQDR,RMDDL,11
OLQDR,RMER,1
OLQDR,RMHR,3
OLQDR,SIBDR,6
OLQDR,CEPDR,8
OLQDR,RIBR,5
OLQDR,RIGR,4
OLQDR,RIH,2
OLQDR,URBR,7
OLQDR,RMDVR,1
OLQVL,IL2L,1
OLQVL,RICL,4
OLQVL,AVAL,1
OLQVL,AVDR,1
OLQVL,RMDVR,14
OLQVL,RMHL,2
OLQVL,SIBVL,13
OLQVL,CEPVL,4
OLQVL,ADAL,4
OLQVL,RIBL,2
OLQVL,RIGL,2
OLQVL,RMDDL,3
OLQVR,IL1VR,2
OLQVR,RIAR,10
OLQVR,RICR,3
OLQVR,RIH,18
OLQVR,RIPR,18
OLQVR,RMDVL,18
OLQVR,RMER,2
OLQVR,RMHR,1
OLQVR,SIBVR,18
OLQVR,CEPVR,1
OLQVR,RIBR,6
OLQVR,RIGR,6
OLQVR,URBR,5
OLQVR,RMDVL,2
PDA,PVNR,1
PDA,DA09,1
PDA,DD06,3
PDA,VD11,10
PDA,VD12,12
PDA,VD13,10
PDA,DBWML21,4
PDA,DBWML22,4
PDA,DBWML23,5
PDA,DBWML24,6
PDA,DBWMR21,4
PDA,DBWMR22,4
PDA,DBWMR23,5
PDA,DBWMR24,6
PDA,HYP,1
PDA,AVL,3
PDA,DVA,1
PDA,PVCR,1
PDA,DA08,1
PDA,DA09,9
PDA,PDB,5
PDA,DD06,1
PDA,HYP,2
PDB,DD06,2
PDB,VD12,10
PDB,VD13,10
PDB,DBWML23,2
PDB,DBWML24,3
PDB,DBWMR23,3
PDB,DBWMR24,2
PDB,AVJL,2
PDB,PVPL,1
PDB,PVR,13
PDB,PDA,5
PDB,DB07,2
PDB,AS11,4
PDB,VD13,4
PDB,HYP,11
PDEL,DVA,1
PDEL,PVM,11
PDEL,PLML,2
PDEL,PLMR,4
PDEL,PDER,25
PDEL,AVKL,2
PDEL,AVKR,1
PDEL,DVA,3
PDEL,PVR,8
PDEL,PVCR,2
PDEL,VB10,1
PDEL,VB11,4
PDEL,VD06,2
PDER,PDEL,5
PDER,DVA,7
PDER,PVR,2
PDER,PVM,8
PDER,PLML,3
PDER,PLMR,2
PDER,PVDR,1
PDER,PDEL,25
PDER,DVA,6
PDER,PVR,9
PDER,PVCL,1
PDER,VB09,7
PDER,VB10,4
PDER,VD09,5
PDER,HYP,1
PHAL,PHAR,13
PHAL,PHBL,7
PHAL,PHBR,10
PHAL,AVFL,4
PHAL,AVG,11
PHAL,AVHL,4
PHAL,AVHR,1
PHAL,DVA,2
PHAL,PVQL,3
PHAL,AVDR,2
PHAL,DA08,3
PHAL,PLNL,1
PHAL,PHAR,7
PHAL,PHCL,1
PHAL,AVG,3
PHAL,AVHL,1
PHAL,PVPR,7
PHAL,PVQL,1
PHAL,HYP,1
PHAR,PHAL,11
PHAR,PHBL,3
PHAR,PHBR,8
PHAR,AVG,9
PHAR,AVHR,1
PHAR,DVA,6
PHAR,PVPL,3
PHAR,PVQL,4
PHAR,PVQR,1
PHAR,PVT,2
PHAR,AVDR,2
PHAR,DA08,2
PHAR,PLNR,6
PHAR,PHAL,7
PHAR,PHBR,1
PHAR,AVG,2
PHAR,AVHR,2
PHAR,PVPL,15
PHAR,PVR,2
PHAR,PVCR,2
PHAR,HYP,1
PHBL,PHBR,4
PHBL,AVG,1
PHBL,PVNL,1
PHBL,PVCL,71
PHBL,AVAL,48
PHBL,AVAR,33
PHBL,AVDL,6
PHBL,AVDR,1
PHBL,DA08,1
PHBL,AS11,1
PHBL,VA12,5
PHBL,HYP,2
PHBL,PLNL,1
PHBL,PQR,1
PHBL,PHBR,17
PHBL,AVHL,1
PHBL,AVHR,2
PHBL,AVJR,1
PHBL,PVQL,3
PHBL,PVCL,3
PHBL,AVAR,1
PHBL,HYP,3
PHBR,PHBL,3
PHBR,PHCR,3
PHBR,PVCL,39
PHBR,PVCR,21
PHBR,AVAL,35
PHBR,AVAR,38
PHBR,AVDL,7
PHBR,AVDR,5
PHBR,VA12,1
PHBR,PLNR,12
PHBR,PHAR,1
PHBR,PHBL,17
PHBR,PHCR,1
PHBR,AVHL,10
PHBR,AVHR,2
PHBR,PVPL,1
PHBR,PVQR,4
PHBR,PVR,1
PHBR,PVT,1
PHBR,PVWR,1
PHBR,HYP,4
PHCL,PHCR,2
PHCL,AVHR,1
PHCL,DVA,12
PHCL,PVQR,2
PHCL,PVCL,7
PHCL,AVAL,5
PHCL,LUAL,2
PHCL,DA09,1
PHCL,VA12,6
PHCL,PLML,11
PHCL,PLNL,2
PHCL,PHAL,1
PHCL,PHCR,2
PHCL,AVAL,1
PHCL,DA08,2
PHCL,VA12,1
PHCL,HYP,1
PHCR,PHAR,2
PHCR,PHCL,4
PHCR,AVHR,2
PHCR,DVA,22
PHCR,PVQR,4
PHCR,PVCR,25
PHCR,LUAR,6
PHCR,DA09,23
PHCR,VA12,8
PHCR,PHBR,1
PHCR,PHCL,2
PHCR,AVG,1
PHCR,AVHL,2
PHCR,AVJR,1
PHCR,PVCR,5
PHCR,AVAL,3
PHCR,AVAR,1
PHCR,LUAR,1
PHCR,DA09,7
PLML,PLNL,1
PLML,PDEL,2
PLML,PDER,3
PLML,PHCL,11
PLML,PVCL,4
PLML,LUAL,8
PLML,HYP,3
PLMR,PLNR,1
PLMR,PDEL,4
PLMR,PDER,2
PLMR,PVR,3
PLMR,PVCR,8
PLMR,LUAR,9
PLMR,HYP,1
PLNL,RMDVL,1
PLNL,SAADR,8
PLNL,SAAVL,1
PLNL,SIAVL,10
PLNL,SMBVL,10
PLNL,SMBVR,13
PLNL,SMDVR,2
PLNL,PLML,1
PLNL,PHAL,1
PLNL,PHBL,1
PLNL,PHCL,2
PLNL,PVWL,1
PLNL,VA02,2
PLNL,HYP,3
PLNR,SAADL,5
PLNR,SIAVR,10
PLNR,SMBVL,7
PLNR,SMBVR,10
PLNR,SMDVL,2
PLNR,PLMR,1
PLNR,PHAR,6
PLNR,PHBR,12
PLNR,HYP,2
PM1D,PM2D,2
PM1VL,PM2VL,2
PM1VR,PM2VR,2
PM2D,PM1D,2
PM2D,PM3D,2
PM2VL,PM1VL,2
PM2VL,PM3VL,2
PM2VR,PM1VR,2
PM2VR,PM3VR,2
PM3D,PM2D,2
PM3D,PM4D,2
PM3D,MC1DL,2
PM3D,MC1DR,2
PM3VL,PM2VL,2
PM3VL,PM4VL,2
PM3VL,MC1DL,2
PM3VL,MC1V,2
PM3VR,I1R,3
PM3VR,PM2VR,2
PM3VR,PM4VR,2
PM3VR,MC1V,2
PM4D,I3,3
PM4D,M3L,2
PM4D,MI,3
PM4D,PM3D,2
PM4D,PM5D,2
PM4D,MC1DL,2
PM4D,MC1DR,2
PM4VL,I1L,1
PM4VL,M2L,1
PM4VL,PM3VL,2
PM4VL,PM5VL,2
PM4VL,MC1DL,2
PM4VL,MC1V,2
PM4VR,I1R,2
PM4VR,M3R,1
PM4VR,PM3VR,2
PM4VR,PM5VR,2
PM4VR,MC1DR,4
PM4VR,MC1V,2
PM5D,I3,1
PM5D,M1,3
PM5D,M2R,1
PM5D,M3L,1
PM5D,M3R,1
PM5D,M4,1
PM5D,NSMR,2
PM5D,PM4D,2
PM5D,PM6D,2
PM5D,MC2DL,2
PM5D,MC2DR,2
PM5VL,I4,1
PM5VL,M2L,1
PM5VL,M3L,1
PM5VL,M4,1
PM5VL,M5,2
PM5VL,PM4VL,2
PM5VL,PM6VL,2
PM5VL,MC2DL,2
PM5VL,MC2V,2
PM5VR,M3R,1
PM5VR,M4,1
PM5VR,PM4VR,2
PM5VR,PM6VR,2
PM5VR,MC2DR,2
PM5VR,MC2V,2
PM6D,PM5D,2
PM6D,MC3DL,2
PM6D,MC3DR,2
PM6VL,PM5VL,2
PM6VL,MC3DL,2
PM6VL,MC3V,2
PM6VR,M5,2
PM6VR,PM5VR,2
PM6VR,MC3DR,2
PM6VR,MC3V,2
PM7D,PM8,2
PM7D,MC3DL,2
PM7D,MC3DR,2
PM7VL,PM8,2
PM7VL,MC3DL,2
PM7VL,MC3V,2
PM7VR,PM8,2
PM7VR,MC3DR,2
PM7VR,MC3V,2
PM8,PM7D,2
PM8,PM7VL,2
PM8,PM7VR,2
PM8,MC3DL,2
PM8,MC3DR,2
PM8,MC3V,2
PQR,PHBL,2
PQR,AVG,1
PQR,AVHL,1
PQR,AVJR,1
PQR,PVNL,2
PQR,PVPR,1
PQR,PVCL,1
PQR,PVCR,1
PQR,AVAL,23
PQR,AVAR,26
PQR,AVDL,15
PQR,AVDR,20
PQR,LUAR,3
PQR,DA08,1
PQR,DB07,2
PQR,PHBL,1
PQR,AVJL,5
PQR,AVJR,2
PQR,PVNL,3
PQR,PVNR,2
PQR,PVPL,16
PQR,PVPR,10
PQR,PVWL,2
PQR,PVCL,2
PQR,AVDL,2
PQR,AVDR,3
PQR,HYP,1
PVCL,ADLR,2
PVCL,ASHR,2
PVCL,PDER,1
PVCL,RIS,2
PVCL,AVG,2
PVCL,AVJL,3
PVCL,AVJR,2
PVCL,DVA,4
PVCL,RID,12
PVCL,PVCL,1
PVCL,PVCR,10
PVCL,AVAL,5
PVCL,AVAR,7
PVCL,AVBL,7
PVCL,AVBR,27
PVCL,AVDL,7
PVCL,AVDR,11
PVCL,AVEL,2
PVCL,AVER,7
PVCL,SIBVL,7
PVCL,SMBVR,3
PVCL,DA05,1
PVCL,DA08,2
PVCL,DB02,4
PVCL,DB03,2
PVCL,DB04,6
PVCL,DB07,5
PVCL,AS01,1
PVCL,AS02,1
PVCL,VA11,1
PVCL,VB04,3
PVCL,VB06,2
PVCL,VB11,1
PVCL,PLML,4
PVCL,PQR,2
PVCL,PDER,1
PVCL,PHBL,3
PVCL,AVFL,1
PVCL,AVJL,3
PVCL,AVJR,3
PVCL,DVA,3
PVCL,PVNL,2
PVCL,PVQR,1
PVCL,PVWL,4
PVCL,PVCR,67
PVCL,AVAL,5
PVCL,AVAR,10
PVCL,DA04,1
PVCL,DA07,1
PVCL,DA08,17
PVCL,DB07,8
PVCL,VA12,18
PVCL,VB10,2
PVCL,VB11,4
PVCL,VD13,1
PVCL,HYP,4
PVCR,FLPL,2
PVCR,PVDL,2
PVCR,PVDR,1
PVCR,AQR,2
PVCR,PDER,1
PVCR,AVHL,1
PVCR,AVL,1
PVCR,DVA,3
PVCR,PVPR,1
PVCR,PVR,1
PVCR,PVWR,1
PVCR,RID,19
PVCR,PVCL,4
PVCR,AVAL,10
PVCR,AVAR,5
PVCR,AVBL,21
PVCR,AVBR,14
PVCR,AVDL,16
PVCR,AVDR,6
PVCR,AVEL,6
PVCR,AVER,6
PVCR,LUAR,1
PVCR,SIBVR,10
PVCR,DA02,1
PVCR,DA04,1
PVCR,DA05,2
PVCR,DA07,1
PVCR,DB02,4
PVCR,DB03,6
PVCR,DB04,6
PVCR,VB03,1
PVCR,VB04,1
PVCR,VB06,4
PVCR,VB11,3
PVCR,PLMR,8
PVCR,PVDL,1
PVCR,PDEL,2
PVCR,PHAR,2
PVCR,PHCR,5
PVCR,AVJL,19
PVCR,AVJR,1
PVCR,DVA,1
PVCR,PVR,19
PVCR,PVT,4
PVCR,PVWL,10
PVCR,PVWR,10
PVCR,PVCL,67
PVCR,AVAL,15
PVCR,AVAR,22
PVCR,AVDR,2
PVCR,SIBVL,1
PVCR,DA07,3
PVCR,DA08,1
PVCR,DA09,3
PVCR,PDA,1
PVCR,DB07,2
PVCR,VA11,3
PVCR,VA12,8
PVCR,VB10,1
PVCR,VB11,2
PVCR,VD12,1
PVCR,HYP,3
PVDL,PVDR,10
PVDL,AVFL,1
PVDL,AVG,8
PVDL,PVPL,1
PVDL,PVCL,13
PVDL,PVCR,36
PVDL,AVAL,13
PVDL,AVAR,29
PVDL,AVDL,1
PVDL,AVDR,1
PVDL,DD05,3
PVDL,VD10,3
PVDL,HYP,7
PVDL,PVDR,3
PVDL,AVG,1
PVDL,PVCR,1
PVDL,AVAR,4
PVDL,VA10,1
PVDR,PVDL,2
PVDR,DVA,5
PVDR,PVCL,29
PVDR,PVCR,29
PVDR,AVAL,9
PVDR,AVAR,30
PVDR,AVDL,1
PVDR,VA09,2
PVDR,VA12,3
PVDR,VB05,1
PVDR,VB06,4
PVDR,HYP,6
PVDR,PVDL,3
PVDR,PDER,1
PVDR,DVC,1
PVDR,PVCR,2
PVDR,AVAL,6
PVDR,VD09,1
PVM,AVM,2
PVM,AVKL,15
PVM,DVA,3
PVM,PVR,3
PVM,PVCL,1
PVM,PVCR,2
PVM,VBWMR10,2
PVM,PVM,1
PVM,PDEL,11
PVM,PDER,8
PVM,AVKL,1
PVM,DVA,1
PVM,PVR,1
PVM,DB03,2
PVM,VD09,1
PVNL,BDUL,5
PVNL,BDUR,2
PVNL,PVDL,1
PVNL,PQR,5
PVNL,AVG,2
PVNL,AVJL,6
PVNL,AVJR,8
PVNL,AVL,1
PVNL,PVNR,9
PVNL,PVPR,1
PVNL,PVT,6
PVNL,PVWL,4
PVNL,PVWR,1
PVNL,PVCL,5
PVNL,AVAL,6
PVNL,AVBR,2
PVNL,AVDL,7
PVNL,AVDR,6
PVNL,LUAL,3
PVNL,DD01,5
PVNL,VA12,1
PVNL,VD12,1
PVNL,VBWML11,5
PVNL,HYP,3
PVNL,BDUL,1
PVNL,PQR,3
PVNL,AVHL,1
PVNL,AVHR,1
PVNL,AVJL,5
PVNL,PVNR,2
PVNL,PVPL,2
PVNL,PVPR,6
PVNL,PVT,2
PVNL,PVCL,2
PVNL,AVAL,1
PVNL,AVBR,7
PVNL,AVDR,1
PVNL,LUAL,3
PVNL,DD06,1
PVNL,VD12,1
PVNL,HYP,2
PVNR,CEPDL,2
PVNR,ALML,2
PVNR,BDUL,1
PVNR,PVDR,5
PVNR,URXL,2
PVNR,PQR,4
PVNR,URBL,2
PVNR,AVJL,1
PVNR,AVJR,1
PVNR,AVL,3
PVNR,PVNR,1
PVNR,PVR,1
PVNR,PVT,3
PVNR,PVWL,9
PVNR,PVWR,2
PVNR,PVCR,2
PVNR,AVAL,5
PVNR,AVBR,1
PVNR,AVDL,1
PVNR,AVDR,2
PVNR,AVEL,5
PVNR,DB03,1
PVNR,DD02,1
PVNR,VA06,1
PVNR,VA11,1
PVNR,VD03,3
PVNR,VD04,6
PVNR,VD06,1
PVNR,VD07,1
PVNR,VD13,2
PVNR,HYP,9
PVNR,HSNR,1
PVNR,VC02,1
PVNR,PQR,2
PVNR,AVFL,1
PVNR,AVHL,1
PVNR,AVHR,1
PVNR,AVJL,2
PVNR,AVJR,5
PVNR,AVL,2
PVNR,DVC,1
PVNR,PVNL,2
PVNR,PVPR,2
PVNR,PVR,5
PVNR,PVT,3
PVNR,PVWR,6
PVNR,AVBL,5
PVNR,AVBR,2
PVNR,AVDL,1
PVNR,AVDR,1
PVNR,LUAR,2
PVNR,VD13,1
PVNR,HYP,1
PVNR,HSNR,2
PVNR,VC06,1
PVPL,PVDL,1
PVPL,AQR,8
PVPL,ADAL,1
PVPL,RIGL,3
PVPL,RIR,1
PVPL,AVHR,3
PVPL,PVCL,3
PVPL,PVCR,9
PVPL,AVAL,4
PVPL,AVAR,3
PVPL,AVBL,13
PVPL,AVBR,12
PVPL,AVDR,3
PVPL,VBWML10,2
PVPL,AQR,41
PVPL,PQR,16
PVPL,PHAR,15
PVPL,PHBR,1
PVPL,AIBR,2
PVPL,RIGL,2
PVPL,AVFL,2
PVPL,AVFR,3
PVPL,AVG,3
PVPL,AVHL,2
PVPL,AVHR,4
PVPL,AVKL,3
PVPL,AVKR,22
PVPL,AVL,1
PVPL,DVA,1
PVPL,DVB,4
PVPL,DVC,20
PVPL,PVNL,2
PVPL,PVPL,1
PVPL,PVPR,2
PVPL,PVQL,8
PVPL,PVT,14
PVPL,AVAL,1
PVPL,AS11,6
PVPL,PDB,1
PVPL,DD06,2
PVPL,VA11,6
PVPL,VA12,1
PVPL,VD11,1
PVPL,VD13,11
PVPL,HYP,47
PVPL,HSNL,1
PVPR,ADFR,2
PVPR,ASHR,2
PVPR,URXR,1
PVPR,AQR,5
PVPR,RIAR,2
PVPR,RIGR,2
PVPR,AVG,1
PVPR,AVHL,3
PVPR,AVJL,2
PVPR,AVL,4
PVPR,DVC,3
PVPR,PVQR,1
PVPR,PVCL,6
PVPR,PVCR,13
PVPR,AVAL,1
PVPR,AVAR,5
PVPR,AVBL,8
PVPR,AVBR,11
PVPR,DD02,1
PVPR,VBWMR10,1
PVPR,VBWMR11,1
PVPR,HSNR,2
PVPR,AQR,61
PVPR,PQR,10
PVPR,PHAL,7
PVPR,RMGR,3
PVPR,AVFL,1
PVPR,AVG,2
PVPR,AVHL,6
PVPR,AVHR,3
PVPR,AVKL,6
PVPR,AVL,8
PVPR,DVB,4
PVPR,DVC,34
PVPR,PVNL,6
PVPR,PVNR,2
PVPR,PVPL,2
PVPR,PVT,17
PVPR,PVWL,1
PVPR,AVAL,2
PVPR,AVBR,1
PVPR,AVEL,1
PVPR,DD06,9
PVPR,VD12,35
PVPR,HYP,4
PVPR,HSNR,1
PVPR,VC01,1
PVPR,VC06,1
PVQL,ASJL,3
PVQL,ASKL,12
PVQL,AWAL,1
PVQL,AIAL,10
PVQL,RMGL,1
PVQL,AVHR,1
PVQL,PVPL,1
PVQL,DA08,1
PVQL,DD06,1
PVQL,VBWMR10,1
PVQL,HSNL,3
PVQL,HSNR,6
PVQL,ASJL,1
PVQL,ASKL,8
PVQL,PHAL,1
PVQL,PHBL,3
PVQL,ADAL,4
PVQL,AVFR,2
PVQL,AVG,1
PVQL,AVHR,3
PVQL,AVKR,2
PVQL,PVPL,8
PVQL,PVQR,46
PVQL,LUAL,1
PVQL,HYP,3
PVQR,ASER,2
PVQR,ASJL,1
PVQR,ASKR,6
PVQR,AWAR,4
PVQR,AIAL,1
PVQR,AIAR,12
PVQR,AIMR,2
PVQR,RIFR,4
PVQR,RMGR,1
PVQR,AVFR,1
PVQR,AVL,2
PVQR,AVBR,1
PVQR,DD01,1
PVQR,DD06,2
PVQR,VD01,1
PVQR,VC02,1
PVQR,ASER,1
PVQR,ASJR,5
PVQR,ASKR,25
PVQR,ADER,2
PVQR,PHBR,4
PVQR,ADAR,2
PVQR,AVFL,5
PVQR,AVFR,2
PVQR,AVHR,2
PVQR,DVC,7
PVQR,PVQL,46
PVQR,PVT,1
PVQR,PVWR,1
PVQR,PVCL,1
PVQR,DA07,1
PVQR,HYP,1
PVR,IL1DR,5
PVR,IL1VL,9
PVR,IL1VR,9
PVR,CEPVR,2
PVR,ALMR,2
PVR,PVM,1
PVR,SDQR,5
PVR,ADAR,1
PVR,RIPL,16
PVR,RIPR,19
PVR,AVJL,11
PVR,AVJR,5
PVR,AVKL,1
PVR,DVA,2
PVR,PVR,1
PVR,PVCL,4
PVR,AVBL,17
PVR,AVBR,17
PVR,URADL,3
PVR,SABD,2
PVR,DA05,1
PVR,DA09,2
PVR,DB02,2
PVR,DB03,3
PVR,DB04,1
PVR,DB07,2
PVR,VB03,2
PVR,VBWMR11,1
PVR,ALML,3
PVR,ALMR,3
PVR,AVM,4
PVR,PVM,1
PVR,PLMR,3
PVR,ALNR,16
PVR,BDUR,3
PVR,PDEL,8
PVR,PDER,9
PVR,PHAR,2
PVR,PHBR,1
PVR,DVA,15
PVR,PVNR,5
PVR,PVWR,2
PVR,PVCR,19
PVR,LUAL,6
PVR,LUAR,9
PVR,DA09,15
PVR,DB07,4
PVR,PDB,13
PVR,VD13,1
PVR,HYP,12
PVT,AIBL,5
PVT,AIBR,10
PVT,RIGL,1
PVT,RIGR,6
PVT,RMFL,3
PVT,RMFR,7
PVT,RIH,2
PVT,RIS,1
PVT,AVKL,7
PVT,AVKR,8
PVT,AVL,3
PVT,DVC,3
PVT,RMEV,4
PVT,PHBR,1
PVT,AIBR,1
PVT,AVG,4
PVT,AVHR,2
PVT,AVJR,1
PVT,AVKL,5
PVT,AVKR,1
PVT,AVL,6
PVT,DVA,8
PVT,DVB,3
PVT,DVC,11
PVT,PVNL,2
PVT,PVNR,3
PVT,PVPL,14
PVT,PVPR,17
PVT,PVQR,1
PVT,PVWR,2
PVT,PVCR,4
PVT,AVAR,2
PVT,AVDL,1
PVT,LUAR,4
PVT,RMEV,1
PVT,URAVL,1
PVT,DD06,3
PVT,VD11,3
PVT,VD12,4
PVT,VD13,17
PVT,HYP,1
PVT,VC03,1
PVT,VC06,2
PVWL,PVT,1
PVWL,PVWR,1
PVWL,PVCL,1
PVWL,PVCR,1
PVWL,VD12,1
PVWL,PLNL,1
PVWL,PQR,2
PVWL,AVJL,3
PVWL,PVPR,1
PVWL,PVWR,2
PVWL,PVCL,4
PVWL,PVCR,10
PVWL,LUAR,3
PVWL,DA08,1
PVWL,VD12,6
PVWL,VD13,1
PVWL,HYP,6
PVWR,AVAR,1
PVWR,AVDR,2
PVWR,LUAR,1
PVWR,VA12,1
PVWR,PHBR,1
PVWR,AVJL,5
PVWR,AVJR,1
PVWR,AVL,3
PVWR,PVNR,6
PVWR,PVQR,1
PVWR,PVR,2
PVWR,PVT,2
PVWR,PVWL,2
PVWR,PVCR,10
PVWR,AVAR,2
PVWR,AVDR,1
PVWR,LUAR,3
PVWR,VD13,2
PVWR,HYP,4
RIAL,CEPDL,1
RIAL,BAGR,2
RIAL,URXL,2
RIAL,AQR,4
RIAL,AIZL,1
RIAL,RIAR,23
RIAL,RIBL,2
RIAL,RIR,3
RIAL,AVAL,2
RIAL,RIML,2
RIAL,RIMR,2
RIAL,RMDDL,48
RIAL,RMDDR,35
RIAL,RMDL,26
RIAL,RMDR,17
RIAL,RMDVL,48
RIAL,RMDVR,48
RIAL,RIVL,8
RIAL,RIVR,12
RIAL,SAADL,1
RIAL,SIADL,3
RIAL,SIAVR,2
RIAL,SMBDR,7
RIAL,SMDDL,22
RIAL,SMDDR,33
RIAL,SMDVL,14
RIAL,SMDVR,32
RIAL,ADFL,1
RIAL,AINR,2
RIAL,RIBL,1
RIAL,SMDVL,4
RIAR,ADFR,2
RIAR,IL1R,2
RIAR,CEPVL,1
RIAR,CEPVR,1
RIAR,AUAR,2
RIAR,RIAL,38
RIAR,RIAR,3
RIAR,RIBR,1
RIAR,AVAR,2
RIAR,RMDDL,48
RIAR,RMDDR,53
RIAR,RMDL,9
RIAR,RMDR,35
RIAR,RMDVL,57
RIAR,RMDVR,47
RIAR,RIVL,3
RIAR,RIVR,3
RIAR,SAADR,1
RIAR,SIADR,4
RIAR,SIAVL,7
RIAR,SMBDR,2
RIAR,SMBVR,2
RIAR,SMDDL,32
RIAR,SMDDR,26
RIAR,SMDVL,43
RIAR,SMDVR,26
RIAR,VBWML6,2
RIAR,RMDDL,1
RIAR,RMDDR,1
RIAR,SAAVR,1
RIAR,SIAVL,1
RIAR,SIAVR,1
RIAR,SMDDL,1
RIAR,SMDVR,1
RIBL,CEPVL,5
RIBL,BAGR,3
RIBL,URYDL,3
RIBL,AUAL,9
RIBL,AIBR,8
RIBL,RIAL,6
RIBL,RIGL,1
RIBL,RIS,5
RIBL,DVC,1
RIBL,AVAL,5
RIBL,AVBR,1
RIBL,AVDR,4
RIBL,AVEL,9
RIBL,AVER,14
RIBL,RIML,1
RIBL,RMDR,1
RIBL,SMDVR,6
RIBL,OLQDL,5
RIBL,OLQVL,2
RIBL,RIAL,1
RIBL,RIBL,3
RIBL,RIBR,15
RIBL,RIGL,3
RIBL,AVBL,6
RIBL,AVBR,3
RIBL,RMEV,2
RIBL,SIADL,2
RIBL,SIAVL,1
RIBL,SIBDL,5
RIBL,SIBVL,1
RIBL,SIBVR,2
RIBL,SMDDL,3
RIBR,OLLR,1
RIBR,BAGL,8
RIBR,URYVR,2
RIBR,AUAR,2
RIBR,AIBL,3
RIBR,AIZR,2
RIBR,AINL,1
RIBR,RIAR,8
RIBR,RIGR,5
RIBR,RIH,2
RIBR,RIS,1
RIBR,AVAR,6
RIBR,AVBL,2
RIBR,AVEL,6
RIBR,AVER,4
RIBR,RMDVR,1
RIBR,RMED,1
RIBR,SMDDL,2
RIBR,SMDVL,2
RIBR,SMDVR,2
RIBR,OLQDR,5
RIBR,OLQVR,6
RIBR,RIBL,15
RIBR,RIBR,5
RIBR,RIGR,2
RIBR,AVBL,2
RIBR,AVBR,3
RIBR,SIADR,3
RIBR,SIAVR,2
RIBR,SIBDR,2
RIBR,SIBVR,6
RIBR,SMBDR,2
RIBR,SMDDL,4
RIBR,SMDDR,2
RICL,ADLR,2
RICL,OLQVL,1
RICL,CEPDL,1
RICL,CEPVL,2
RICL,ADAL,1
RICL,ADAR,7
RICL,RICR,2
RICL,RMFR,2
RICL,URBR,2
RICL,AVAL,15
RICL,AVAR,18
RICL,RIML,1
RICL,RIMR,8
RICL,RIVR,4
RICL,SAAVL,2
RICL,SMBDL,5
RICL,SMBDR,1
RICL,SMDDL,11
RICL,SMDDR,8
RICL,SMDVR,1
RICL,ASHL,5
RICL,AWBR,4
RICL,AVKR,4
RICR,CEPDL,1
RICR,CEPDR,1
RICR,AIBL,2
RICR,AIBR,2
RICR,AIZL,6
RICR,ADAR,2
RICR,RICL,3
RICR,RMFL,1
RICR,RMGL,1
RICR,URBR,2
RICR,AVKR,1
RICR,AVAL,15
RICR,AVAR,13
RICR,RIML,10
RICR,RIMR,1
RICR,RIVL,1
RICR,SMBDR,3
RICR,SMDDL,9
RICR,SMDDR,9
RICR,SMDVL,6
RICR,SMDVR,3
RICR,VB01,7
RICR,ASHR,4
RICR,URXR,1
RICR,AIBR,1
RICR,RMHR,1
RID,FLPL,1
RID,RMED,5
RID,DA02,1
RID,DA06,2
RID,DB01,1
RID,DD01,3
RID,DD02,2
RID,VD05,1
RID,DBWML13,1
RID,DBWML14,1
RID,DBWMR10,1
RID,ALA,4
RID,RID,5
RID,AVBL,2
RID,AVBR,7
RID,DB01,2
RID,DB03,1
RIFL,ALML,5
RIFL,AVHR,1
RIFL,AVJR,8
RIFL,PVPL,8
RIFL,AVBL,26
RIFL,AVBR,1
RIFL,RIML,7
RIFL,DBWML5,2
RIFL,AVDL,1
RIFL,AVER,1
RIFL,HSNL,1
RIFR,ADLR,1
RIFR,ASHR,6
RIFR,AWBR,2
RIFR,CEPVR,2
RIFR,URXR,3
RIFR,AIZL,1
RIFR,RIAR,1
RIFR,RIFL,1
RIFR,RIPR,2
RIFR,AVFL,1
RIFR,AVJL,2
RIFR,AVJR,2
RIFR,PVPR,6
RIFR,PVCL,1
RIFR,PVCR,1
RIFR,AVBL,1
RIFR,AVBR,35
RIFR,RIMR,10
RIFR,HSNL,2
RIFR,HSNR,3
RIFR,RMGR,1
RIFR,AVG,3
RIFR,AVJL,1
RIFR,DD01,2
RIGL,ADFL,1
RIGL,ADLL,2
RIGL,OLQVL,2
RIGL,ALNL,6
RIGL,BAGR,3
RIGL,URXL,6
RIGL,AIBR,4
RIGL,AIZL,10
RIGL,AIZR,2
RIGL,RIBL,3
RIGL,RIH,2
RIGL,RIR,8
RIGL,RMGL,6
RIGL,AVKR,17
RIGL,DVA,1
RIGL,PVPL,2
RIGL,AVEL,7
RIGL,AVER,1
RIGL,RMHR,23
RIGL,OLQDL,3
RIGL,OLQVL,2
RIGL,OLLL,3
RIGL,BAGL,1
RIGL,URYDL,4
RIGL,URYVL,3
RIGL,AIBR,3
RIGL,AIZL,1
RIGL,RIBL,3
RIGL,RIGR,81
RIGL,RMFL,1
RIGL,AVKL,2
RIGL,PVPL,2
RIGL,RMEL,2
RIGL,VD01,3
RIGR,AFDR,1
RIGR,OLQVR,2
RIGR,ALNR,3
RIGR,BAGL,2
RIGR,URXR,3
RIGR,URYVR,2
RIGR,AIBL,2
RIGR,AIZR,5
RIGR,RIAR,3
RIGR,RIBR,2
RIGR,RIR,5
RIGR,AVKL,21
RIGR,AVKR,5
RIGR,DVA,4
RIGR,DVC,2
RIGR,PVT,5
RIGR,AVDL,1
RIGR,AVER,4
RIGR,RMHL,17
RIGR,OLQDR,4
RIGR,OLQVR,6
RIGR,OLLR,5
RIGR,BAGL,2
RIGR,URYDR,3
RIGR,AQR,3
RIGR,ADEL,1
RIGR,AIBL,3
RIGR,RIBR,2
RIGR,RIGL,81
RIGR,RMFL,1
RIGR,AVKL,1
RIGR,AVKR,2
RIGR,VD01,2
RIH,ADFR,3
RIH,IL2L,2
RIH,IL2R,3
RIH,IL2VL,4
RIH,IL2VR,5
RIH,OLQDL,11
RIH,OLQDR,7
RIH,OLQVL,13
RIH,OLQVR,7
RIH,CEPDL,6
RIH,CEPVL,3
RIH,CEPVR,6
RIH,BAGL,2
RIH,BAGR,5
RIH,URYVR,4
RIH,AUAR,2
RIH,AIYL,3
RIH,AIYR,4
RIH,AIZL,12
RIH,AIZR,19
RIH,RIAL,34
RIH,RIAR,36
RIH,RIBL,18
RIH,RIBR,15
RIH,RIPL,18
RIH,RIPR,7
RIH,RMER,6
RIH,RMEV,10
RIH,URAVR,1
RIH,ADFR,1
RIH,OLQDR,2
RIH,CEPVL,1
RIH,FLPL,1
RIH,AIZL,1
RIML,AIBL,1
RIML,AIBR,22
RIML,RIAL,3
RIML,RIBL,9
RIML,RICR,1
RIML,RMFL,2
RIML,RMFR,2
RIML,AVKR,1
RIML,AVAL,5
RIML,AVAR,2
RIML,AVBL,9
RIML,AVBR,11
RIML,AVER,5
RIML,RIML,11
RIML,RIMR,2
RIML,RMDL,9
RIML,RMDR,21
RIML,SAADL,1
RIML,SAADR,4
RIML,SAAVL,10
RIML,SAAVR,10
RIML,SMDDL,11
RIML,SMDDR,14
RIML,SMDVL,11
RIML,VB01,8
RIML,DBWMR5,6
RIML,VBWMR4,2
RIML,AIBR,2
RIML,AIYL,5
RIML,RIS,2
RIML,RMFL,3
RIML,AVAR,8
RIML,AVEL,10
RIML,AVER,9
RIML,RMDL,1
RIML,SIADL,1
RIMR,AIBL,15
RIMR,ADAR,9
RIMR,RIBR,4
RIMR,RMFL,1
RIMR,RMFR,7
RIMR,RIS,2
RIMR,AVJL,4
RIMR,AVKL,1
RIMR,AVAL,9
RIMR,AVBL,9
RIMR,AVBR,12
RIMR,RIML,4
RIMR,RMDL,15
RIMR,RMDR,12
RIMR,SAAVL,11
RIMR,SAAVR,8
RIMR,SMDDL,9
RIMR,SMDDR,14
RIMR,SMDVL,2
RIMR,SMDVR,3
RIMR,VB01,2
RIMR,DBWML5,15
RIMR,VBWML4,5
RIMR,AIBL,1
RIMR,AIYR,3
RIMR,RIS,2
RIMR,AVKR,1
RIMR,AVAL,11
RIMR,AVAR,2
RIMR,AVEL,7
RIMR,AVER,11
RIMR,SIADR,1
RIPL,OLQDR,2
RIPL,OLQVL,1
RIPL,RIH,2
RIPL,RIPL,2
RIPL,I1L,2
RIPL,ADFL,2
RIPL,IL1L,1
RIPL,RIPL,4
RIPL,RIPR,2
RIPL,RMED,2
RIPL,URAVL,1
RIPR,OLQDR,3
RIPR,OLQVR,2
RIPR,RIH,1
RIPR,AVBR,2
RIPR,URAVR,1
RIPR,I1R,2
RIPR,RIPL,2
RIPR,RMED,4
RIR,ADFL,1
RIR,ADFR,4
RIR,ASHL,1
RIR,ASHR,1
RIR,AWBR,1
RIR,AFDR,1
RIR,BAGR,1
RIR,URXL,9
RIR,URXR,6
RIR,AQR,2
RIR,AUAL,7
RIR,AIZL,12
RIR,AIZR,15
RIR,ADAR,1
RIR,AIMR,1
RIR,RIAL,11
RIR,RIAR,4
RIR,RIGL,2
RIR,RIGR,4
RIR,RMGL,1
RIR,RMGR,1
RIR,DVA,9
RIR,PVPL,2
RIR,PVPR,1
RIR,AVEL,4
RIR,HSNL,1
RIR,BAGL,4
RIR,BAGR,5
RIS,OLLR,5
RIS,CEPDL,4
RIS,CEPVL,7
RIS,CEPVR,4
RIS,URYDR,1
RIS,URYVL,1
RIS,URYVR,5
RIS,RIBL,8
RIS,RIBR,18
RIS,RIS,3
RIS,AVKL,6
RIS,AVKR,13
RIS,AVL,9
RIS,AVEL,17
RIS,AVER,18
RIS,RIML,10
RIS,RIMR,15
RIS,RMDDL,1
RIS,RMDDR,1
RIS,RMDL,10
RIS,RMDR,16
RIS,RMEV,3
RIS,SMDDL,1
RIS,SMDDR,6
RIS,SMDVL,1
RIS,SMDVR,1
RIS,AIBL,1
RIS,AIBR,3
RIS,AVJL,15
RIS,AVEL,3
RIS,RIML,2
RIS,RIMR,2
RIS,RMDR,1
RIS,RMEV,1
RIS,SMDDL,2
RIS,SMDDR,5
RIS,SMDVL,2
RIVL,ASGL,1
RIVL,ASJL,1
RIVL,RIAL,5
RIVL,RIAR,2
RIVL,RMDL,4
RIVL,RMDVL,5
RIVL,SAADR,11
RIVL,SIAVR,5
RIVL,SMDDR,8
RIVL,SMDVL,2
RIVL,VBWMR5,6
RIVL,VBWMR6,3
RIVL,VBWMR7,18
RIVL,ASGL,2
RIVL,ASJL,1
RIVL,SDQR,5
RIVL,RIVR,28
RIVL,SAADR,2
RIVL,SIBVR,1
RIVL,SMDVL,2
RIVR,RIAL,6
RIVR,RIAR,2
RIVR,RMDDL,1
RIVR,RMDR,4
RIVR,RMDVR,1
RIVR,RMHR,2
RIVR,RIVL,8
RIVR,SAADL,12
RIVR,SIAVL,5
RIVR,SIBVL,1
RIVR,SMBDL,1
RIVR,SMDDL,6
RIVR,SMDVR,3
RIVR,DBWMR7,1
RIVR,VBWML3,2
RIVR,VBWML4,1
RIVR,VBWML7,9
RIVR,VBWMR6,8
RIVR,VBWMR7,14
RIVR,SDQR,3
RIVR,AIBR,3
RIVR,RIVL,28
RIVR,SAADL,1
RIVR,SMDVR,8
RMDDL,IL1DR,2
RMDDL,IL1R,9
RMDDL,CEPVL,2
RMDDL,RIAL,1
RMDDL,AVER,1
RMDDL,RMDVL,1
RMDDL,RMDVR,22
RMDDL,RMEV,2
RMDDL,RMHL,1
RMDDL,DBWMR1,8
RMDDL,DBWMR2,4
RMDDL,DBWMR3,8
RMDDL,DBWMR4,12
RMDDL,DBWMR5,13
RMDDL,DBWMR6,2
RMDDL,VBWML1,1
RMDDL,IL1VL,1
RMDDL,OLQVL,3
RMDDL,RIAR,1
RMDDL,AVER,2
RMDDL,RMDL,1
RMDDL,RMDVL,2
RMDDL,SIBDR,1
RMDDL,SMDDL,3
RMDDR,RMDDL,1
RMDDR,RMDVL,26
RMDDR,RMDVR,3
RMDDR,DBWML1,2
RMDDR,DBWML2,12
RMDDR,DBWML3,1
RMDDR,DBWML4,17
RMDDR,DBWML6,3
RMDDR,DBWMR1,3
RMDDR,DBWMR2,7
RMDDR,DBWMR6,3
RMDDR,DBWMR7,3
RMDDR,VBWML1,2
RMDDR,ALML,2
RMDDR,RIAR,1
RMDDR,RMGL,1
RMDDR,RMDL,1
RMDDR,RMDVR,5
RMDDR,SAADR,1
RMDDR,SIADL,1
RMDDR,SMDDR,1
RMDL,IL1L,1
RMDL,IL1R,1
RMDL,OLLL,1
RMDL,OLLR,3
RMDL,CEPVL,1
RMDL,URXR,1
RMDL,ADEL,1
RMDL,ADER,3
RMDL,RIAL,20
RMDL,RIAR,22
RMDL,RIBR,1
RMDL,RMFR,1
RMDL,RIS,1
RMDL,AVKR,1
RMDL,RIML,3
RMDL,RMDDR,7
RMDL,RMDR,8
RMDL,RMDVL,2
RMDL,RMDVR,3
RMDL,RMER,3
RMDL,RMHL,3
RMDL,RMHR,1
RMDL,RIVL,1
RMDL,SIBDR,3
RMDL,SMBVR,2
RMDL,SMDDR,1
RMDL,DBWML3,1
RMDL,DBWML5,2
RMDL,DBWMR3,4
RMDL,DBWMR4,6
RMDL,VBWML1,4
RMDL,VBWMR4,8
RMDL,VBWMR8,1
RMDL,IL2L,2
RMDL,RIML,1
RMDL,RMDDL,1
RMDL,RMDDR,1
RMDL,RMDVL,1
RMDL,RMER,1
RMDL,SIAVR,1
RMDL,SIBVL,2
RMDL,SMDDL,2
RMDR,IL1L,2
RMDR,OLLR,2
RMDR,RIAL,14
RMDR,RIAR,21
RMDR,RIS,1
RMDR,RMGL,1
RMDR,AVKR,1
RMDR,RIMR,1
RMDR,RMDDL,6
RMDR,RMDL,11
RMDR,RMDVL,9
RMDR,SIAVL,1
RMDR,SMDDR,1
RMDR,DBWML5,2
RMDR,VBWML4,2
RMDR,VBWML5,2
RMDR,RIS,1
RMDR,AVAR,2
RMDR,AVER,5
RMDR,RMDVR,1
RMDVL,IL1R,2
RMDVL,IL2VR,1
RMDVL,OLQVR,3
RMDVL,CEPDL,2
RMDVL,URYVR,1
RMDVL,AVER,2
RMDVL,RMDDR,41
RMDVL,RMDR,2
RMDVL,RMDVR,1
RMDVL,SIAVR,2
RMDVL,SIBVR,1
RMDVL,VBWMR2,20
RMDVL,VBWMR3,11
RMDVL,VBWMR4,31
RMDVL,VBWMR6,18
RMDVL,VBWMR7,3
RMDVL,OLQDL,1
RMDVL,OLQVR,2
RMDVL,AUAL,2
RMDVL,AVER,1
RMDVL,RMDDL,2
RMDVL,RMDL,1
RMDVL,SAAVL,3
RMDVL,SIAVR,1
RMDVR,IL1DR,1
RMDVR,IL1L,1
RMDVR,OLQVL,2
RMDVR,URYVL,2
RMDVR,RIAR,1
RMDVR,AVAR,1
RMDVR,RMDDL,43
RMDVR,RMDVR,2
RMDVR,URAVL,8
RMDVR,SIAVL,2
RMDVR,SIBDR,1
RMDVR,SIBVL,1
RMDVR,SMBDR,1
RMDVR,DBWML3,5
RMDVR,VBWML1,21
RMDVR,VBWML2,15
RMDVR,VBWML3,8
RMDVR,VBWML4,19
RMDVR,VBWML5,8
RMDVR,VBWML6,5
RMDVR,VBWML7,2
RMDVR,VBWMR3,2
RMDVR,VBWMR6,2
RMDVR,VBWMR7,2
RMDVR,AFDR,1
RMDVR,IL1DR,1
RMDVR,OLQDR,1
RMDVR,AVAR,1
RMDVR,AVEL,2
RMDVR,AVER,7
RMDVR,RMDDR,5
RMDVR,RMDR,1
RMDVR,SAADL,1
RMDVR,SAAVR,9
RMDVR,SIAVL,1
RMDVR,SMDVR,8
RMED,RIBL,1
RMED,RIBR,1
RMED,RMED,1
RMED,SMDDL,1
RMED,SMDDR,4
RMED,VBWML2,15
RMED,VBWML3,10
RMED,VBWMR2,25
RMED,VBWMR3,26
RMED,VBWMR6,2
RMED,IL1VL,3
RMED,IL2DR,1
RMED,AIBL,2
RMED,RIPL,2
RMED,RIPR,4
RMED,RMEV,6
RMEL,IL1R,2
RMEL,OLLR,1
RMEL,RIPR,1
RMEL,RMEV,1
RMEL,DBWMR3,22
RMEL,DBWMR5,7
RMEL,VBWMR4,9
RMEL,RIGL,2
RMEL,RMEV,4
RMER,IL1L,4
RMER,RMER,5
RMER,RMHR,3
RMER,DBWML3,45
RMER,DBWML4,4
RMER,VBWML1,14
RMER,VBWML4,7
RMER,IL1L,1
RMER,IL2L,2
RMER,RMDL,1
RMER,RMEV,1
RMEV,RIBR,2
RMEV,RIH,2
RMEV,RIS,1
RMEV,RMDDL,1
RMEV,RMDDR,1
RMEV,RMED,1
RMEV,SMDDR,1
RMEV,SMDVL,1
RMEV,DBWML1,1
RMEV,DBWML2,5
RMEV,DBWMR1,9
RMEV,DBWMR2,5
RMEV,DBWMR6,5
RMEV,DBWMR7,4
RMEV,IL1DL,1
RMEV,IL1DR,4
RMEV,RIBL,2
RMEV,RIS,1
RMEV,PVT,1
RMEV,AVEL,1
RMEV,AVER,1
RMEV,RMED,6
RMEV,RMEL,4
RMEV,RMER,1
RMEV,SMDVL,1
RMFL,BAGL,1
RMFL,RIBR,1
RMFL,RIS,1
RMFL,AVKL,9
RMFL,AVKR,14
RMFL,DVC,1
RMFL,PVT,3
RMFL,RIMR,2
RMFL,RMDR,13
RMFL,RMHL,2
RMFL,SAAVR,1
RMFL,SMDVL,1
RMFL,RIGL,1
RMFL,RIGR,1
RMFL,RIML,3
RMFL,SAADR,1
RMFL,SAAVR,1
RMFR,RIH,1
RMFR,AVKL,7
RMFR,AVKR,9
RMFR,DVC,2
RMFR,RMDL,6
RMFR,RMDR,1
RMGL,ADLL,1
RMGL,ASHL,1
RMGL,CEPDL,1
RMGL,URXL,3
RMGL,AIBR,2
RMGL,ADAL,4
RMGL,AIML,3
RMGL,RIFL,1
RMGL,AVFR,1
RMGL,PVPL,1
RMGL,RID,2
RMGL,AVAL,3
RMGL,AVBR,3
RMGL,AVEL,2
RMGL,RMDDR,1
RMGL,RMDL,2
RMGL,RMDR,16
RMGL,RMDVL,15
RMGL,RMHL,1
RMGL,RMHR,4
RMGL,RIVR,1
RMGL,SAADL,1
RMGL,SIADL,2
RMGL,SIADR,2
RMGL,SIAVL,4
RMGL,SIBDL,5
RMGL,SIBVR,4
RMGL,SMBVL,2
RMGL,SMDDL,1
RMGL,SMDDR,2
RMGL,DBWML4,7
RMGL,DBWML5,1
RMGL,VBWML5,2
RMGL,ADLL,3
RMGL,ASHL,3
RMGL,AWBL,1
RMGL,IL2L,5
RMGL,ALML,3
RMGL,URXL,3
RMGL,AVFR,1
RMGL,AVEL,2
RMGL,RMDDR,1
RMGL,RMHL,6
RMGR,ASHR,1
RMGR,IL2DR,1
RMGR,IL2R,2
RMGR,OLLR,1
RMGR,ALMR,1
RMGR,ALNR,4
RMGR,URXR,3
RMGR,ADER,2
RMGR,ADAR,2
RMGR,AIMR,2
RMGR,RIGR,2
RMGR,RIR,1
RMGR,AVJL,4
RMGR,AVAL,1
RMGR,AVBL,2
RMGR,AVBR,3
RMGR,AVDL,2
RMGR,AVER,6
RMGR,RMDDL,1
RMGR,RMDL,20
RMGR,RMDR,7
RMGR,RMDVR,23
RMGR,SAADL,3
RMGR,SIADL,1
RMGR,SIAVR,2
RMGR,SIBVL,2
RMGR,SMBVR,1
RMGR,DBWMR5,3
RMGR,VBWMR8,2
RMGR,ASHR,3
RMGR,ASKR,1
RMGR,AWBR,1
RMGR,IL2R,1
RMGR,ALNR,1
RMGR,URXR,5
RMGR,RIFR,1
RMGR,PVPR,3
RMGR,RMHL,1
RMGR,RMHR,4
RMGR,SMBVR,3
RMHL,IL1R,2
RMHL,RICL,1
RMHL,RICR,1
RMHL,RID,1
RMHL,AVAR,1
RMHL,RMDDL,2
RMHL,RMDR,1
RMHL,SAAVL,1
RMHL,SIBDR,1
RMHL,DBWMR3,7
RMHL,DBWMR4,2
RMHL,DBWMR5,2
RMHL,RMGL,6
RMHL,RMGR,1
RMHL,SIBVR,3
RMHL,SMDDL,1
RMHR,CEPVL,1
RMHR,AIBR,3
RMHR,RMGL,8
RMHR,RMDL,4
RMHR,RMDR,1
RMHR,RMER,4
RMHR,RMHL,3
RMHR,SMDDL,3
RMHR,DBWML3,1
RMHR,DBWML4,7
RMHR,DBWML5,8
RMHR,VBWML1,3
RMHR,RICR,1
RMHR,RMGR,4
SAADL,OLLR,4
SAADL,AIBL,1
SAADL,RIGL,1
SAADL,RMFR,1
SAADL,AVAL,17
SAADL,AVBR,1
SAADL,RIML,11
SAADL,RIMR,16
SAADL,RMDVR,1
SAADL,RIVR,1
SAADL,SABD,2
SAADL,SIBDL,1
SAADL,SIBDR,1
SAADL,SIBVL,1
SAADL,DBWMR3,7
SAADL,DBWMR4,3
SAADL,DBWMR6,2
SAADL,HYP,2
SAADL,SDQR,1
SAADL,RMDVR,1
SAADL,RIVR,1
SAADL,SMBDL,3
SAADR,OLLL,3
SAADR,PLNL,1
SAADR,AIBL,1
SAADR,AIBR,1
SAADR,RMFL,5
SAADR,RMFR,1
SAADR,RMGL,1
SAADR,AVAL,1
SAADR,AVAR,26
SAADR,RIML,14
SAADR,RIMR,23
SAADR,SABD,2
SAADR,SMBDR,2
SAADR,SMBVR,1
SAADR,SMDVL,5
SAADR,DBWML3,7
SAADR,DBWML4,3
SAADR,DBWML6,2
SAADR,HYP,2
SAADR,RMFL,1
SAADR,RMDDR,1
SAADR,RIVL,2
SAAVL,OLLR,1
SAAVL,AIBL,1
SAAVL,RMFR,11
SAAVL,AVAL,56
SAAVL,RIML,5
SAAVL,RIMR,33
SAAVL,SAADR,5
SAAVL,SABD,1
SAAVL,SABVR,2
SAAVL,SMBDR,2
SAAVL,SMDDR,18
SAAVL,SMDVL,1
SAAVL,DD01,1
SAAVL,VA01,1
SAAVL,VA02,2
SAAVL,VA03,2
SAAVL,VA04,2
SAAVL,VB02,1
SAAVL,VD01,4
SAAVL,VD02,2
SAAVL,VBWML9,1
SAAVL,VBWMR3,7
SAAVL,VBWMR4,3
SAAVL,VBWMR6,2
SAAVL,HYP,2
SAAVL,RMDVL,3
SAAVL,SAAVR,1
SAAVL,SABD,3
SAAVL,SMBDR,2
SAAVL,SMBVR,17
SAAVL,SMDVL,8
SAAVR,ASIR,1
SAAVR,IL1DL,12
SAAVR,ALNR,1
SAAVR,AIBR,1
SAAVR,RIAR,1
SAAVR,RIPL,12
SAAVR,AVAR,39
SAAVR,AVBL,1
SAAVR,RIML,12
SAAVR,RIMR,7
SAAVR,RMEV,1
SAAVR,SAAVR,1
SAAVR,SABVL,2
SAAVR,SMBDL,1
SAAVR,SMDDL,17
SAAVR,VBWML3,7
SAAVR,VBWML4,3
SAAVR,VBWML6,2
SAAVR,HYP,2
SAAVR,RIAR,1
SAAVR,RMFL,1
SAAVR,DVA,1
SAAVR,AVAR,1
SAAVR,RMDVR,9
SAAVR,SAAVL,1
SAAVR,SMBDL,1
SAAVR,SMBVL,16
SAAVR,SMDDL,4
SABD,SAADL,4
SABD,SAADR,4
SABD,DBWML1,15
SABD,DBWML3,67
SABD,DBWML4,63
SABD,DBWML6,20
SABD,DBWMR1,15
SABD,DBWMR3,67
SABD,DBWMR4,63
SABD,DBWMR6,20
SABD,HYP,142
SABD,AVAL,7
SABD,SAAVL,3
SABD,VA02,12
SABD,VA03,2
SABVL,RIGR,1
SABVL,SAAVR,4
SABVL,VBWML1,15
SABVL,VBWML3,67
SABVL,VBWML4,63
SABVL,VBWML6,20
SABVL,HYP,71
SABVL,AVAR,15
SABVR,SAAVL,4
SABVR,VBWMR1,15
SABVR,VBWMR3,67
SABVR,VBWMR4,63
SABVR,VBWMR6,20
SABVR,HYP,71
SABVR,AVAL,8
SABVR,AVAR,2
SABVR,DD01,1
SDQL,ALML,1
SDQL,FLPL,2
SDQL,AIBR,2
SDQL,RICR,3
SDQL,RMFL,3
SDQL,RIS,8
SDQL,RIPR,1
SDQL,DVA,1
SDQL,PVCL,1
SDQL,AVAL,6
SDQL,AVAR,8
SDQL,AVBL,1
SDQL,AVBR,2
SDQL,AVDL,3
SDQL,AVEL,1
SDQL,SAADR,2
SDQL,SIADR,2
SDQL,SIBVL,1
SDQL,SMBDR,11
SDQL,FLPL,1
SDQL,SDQR,2
SDQL,DVA,1
SDQL,SIADR,1
SDQR,ADLL,1
SDQR,ALML,1
SDQR,SDQL,4
SDQR,AIBL,8
SDQR,RICR,3
SDQR,DVA,10
SDQR,AVAL,8
SDQR,AVBL,23
SDQR,AVBR,19
SDQR,RMHL,15
SDQR,RMHR,7
SDQR,SIADL,2
SDQR,SIBDR,1
SDQR,SMBVL,11
SDQR,VBWMR7,1
SDQR,ALMR,2
SDQR,SDQL,2
SDQR,AIBL,1
SDQR,DVA,1
SDQR,AVBL,1
SDQR,RIVL,5
SDQR,RIVR,3
SDQR,SAADL,1
SDQR,SIAVR,1
SDQR,SIBDL,2
SIADL,ALNR,4
SIADL,SDQR,4
SIADL,AVFR,1
SIADL,RMDL,4
SIADL,SIBDL,4
SIADL,SMBDL,18
SIADL,SMDDL,17
SIADL,DBWMR5,8
SIADL,DBWMR6,3
SIADL,DBWMR7,8
SIADL,DBWMR8,12
SIADL,DBWMR9,8
SIADL,DBWMR10,8
SIADL,DBWMR11,8
SIADL,DBWMR12,8
SIADL,DBWMR13,8
SIADL,DBWMR14,8
SIADL,DBWMR15,8
SIADL,DBWMR16,3
SIADL,RIBL,2
SIADL,AVDR,1
SIADL,RIML,1
SIADL,RMDDR,1
SIADL,SIBVR,1
SIADL,SMBDL,2
SIADR,IL1VR,1
SIADR,CEPDL,1
SIADR,ALML,1
SIADR,SDQL,4
SIADR,AVAL,1
SIADR,SIBDR,4
SIADR,SMBDR,17
SIADR,SMDDR,17
SIADR,DBWML5,8
SIADR,DBWML6,3
SIADR,DBWML7,8
SIADR,DBWML8,12
SIADR,DBWML9,8
SIADR,DBWML10,8
SIADR,DBWML11,8
SIADR,DBWML12,8
SIADR,DBWML13,8
SIADR,DBWML14,8
SIADR,DBWML15,8
SIADR,DBWML16,3
SIADR,FLPL,1
SIADR,SDQL,1
SIADR,AIBL,1
SIADR,RIBR,3
SIADR,DVA,1
SIADR,RIMR,1
SIADR,SMBDR,3
SIADR,SMDDR,1
SIAVL,IL2L,1
SIAVL,PLNL,10
SIAVL,ADEL,1
SIAVL,SIBVR,2
SIAVL,SMBVL,2
SIAVL,SMDVR,10
SIAVL,VBWML5,4
SIAVL,VBWML6,1
SIAVL,VBWML7,4
SIAVL,VBWML8,5
SIAVL,VBWML9,4
SIAVL,VBWML10,4
SIAVL,VBWML11,4
SIAVL,VBWML12,4
SIAVL,VBWML13,4
SIAVL,VBWML14,4
SIAVL,VBWML15,4
SIAVL,VBWML16,1
SIAVL,AIBR,1
SIAVL,RIAR,1
SIAVL,RIBL,1
SIAVL,AVHR,1
SIAVL,RMDVR,1
SIAVL,SIBDL,2
SIAVL,SIBVL,2
SIAVR,PLNR,10
SIAVR,RMDL,1
SIAVR,SIBVL,2
SIAVR,SMBVR,2
SIAVR,SMDVL,10
SIAVR,VBWMR5,4
SIAVR,VBWMR6,1
SIAVR,VBWMR7,4
SIAVR,VBWMR8,5
SIAVR,VBWMR9,4
SIAVR,VBWMR10,4
SIAVR,VBWMR11,4
SIAVR,VBWMR12,4
SIAVR,VBWMR13,4
SIAVR,VBWMR14,4
SIAVR,VBWMR15,4
SIAVR,VBWMR16,1
SIAVR,SDQR,1
SIAVR,RIAR,1
SIAVR,RIBR,2
SIAVR,DVA,1
SIAVR,RMDL,1
SIAVR,RMDVL,1
SIBDL,CEPDL,1
SIBDL,AQR,1
SIBDL,PVPL,1
SIBDL,SIADL,2
SIBDL,SMBVL,1
SIBDL,SMDDL,10
SIBDL,DBWMR5,3
SIBDL,DBWMR6,1
SIBDL,DBWMR7,3
SIBDL,DBWMR8,4
SIBDL,DBWMR9,3
SIBDL,DBWMR10,3
SIBDL,DBWMR11,3
SIBDL,DBWMR12,3
SIBDL,DBWMR13,3
SIBDL,DBWMR14,3
SIBDL,DBWMR15,3
SIBDL,DBWMR16,1
SIBDL,SDQR,2
SIBDL,RIBL,5
SIBDL,AVBR,2
SIBDL,SIAVL,2
SIBDL,SIBVL,8
SIBDR,SIADR,2
SIBDR,SMDDR,10
SIBDR,DBWML5,3
SIBDR,DBWML6,1
SIBDR,DBWML7,3
SIBDR,DBWML8,4
SIBDR,DBWML9,3
SIBDR,DBWML10,3
SIBDR,DBWML11,3
SIBDR,DBWML12,3
SIBDR,DBWML13,3
SIBDR,DBWML14,3
SIBDR,DBWML15,3
SIBDR,DBWML16,1
SIBDR,DBWMR4,1
SIBDR,RIBR,2
SIBDR,RMDDL,1
SIBDR,SIBVL,3
SIBDR,SIBVR,10
SIBDR,SMBDL,4
SIBVL,ALNR,1
SIBVL,RMGR,1
SIBVL,RMDDL,1
SIBVL,SIAVR,5
SIBVL,SMDDL,1
SIBVL,SMDVL,22
SIBVL,VBWML2,1
SIBVL,VBWMR5,10
SIBVL,VBWMR6,3
SIBVL,VBWMR7,10
SIBVL,VBWMR8,13
SIBVL,VBWMR9,10
SIBVL,VBWMR10,10
SIBVL,VBWMR11,10
SIBVL,VBWMR12,10
SIBVL,VBWMR13,10
SIBVL,VBWMR14,10
SIBVL,VBWMR15,10
SIBVL,VBWMR16,4
SIBVL,AIZR,1
SIBVL,RIBL,1
SIBVL,PVCR,1
SIBVL,AVBL,2
SIBVL,RMDL,2
SIBVL,SIAVL,2
SIBVL,SIBDL,8
SIBVL,SIBDR,3
SIBVL,SIBVR,1
SIBVL,SMBDL,1
SIBVL,SMBVL,2
SIBVL,SMDDL,3
SIBVL,SMDVL,1
SIBVR,ADLR,3
SIBVR,OLQVR,1
SIBVR,PLNL,1
SIBVR,RICL,3
SIBVR,RMHR,1
SIBVR,SIAVL,5
SIBVR,SIAVR,1
SIBVR,SMDVR,22
SIBVR,VBWML5,10
SIBVR,VBWML6,3
SIBVR,VBWML7,10
SIBVR,VBWML8,13
SIBVR,VBWML9,10
SIBVR,VBWML10,10
SIBVR,VBWML11,10
SIBVR,VBWML12,10
SIBVR,VBWML13,10
SIBVR,VBWML14,10
SIBVR,VBWML15,10
SIBVR,VBWML16,4
SIBVR,AIML,1
SIBVR,RIBL,2
SIBVR,RIBR,6
SIBVR,RMHL,3
SIBVR,RIVL,1
SIBVR,SIADL,1
SIBVR,SIBDR,10
SIBVR,SIBVL,1
SIBVR,SMBDL,1
SMBDL,ALNR,1
SMBDL,SDQR,18
SMBDL,AIZL,1
SMBDL,RIH,2
SMBDL,RMED,4
SMBDL,SAAVR,9
SMBDL,SIADL,19
SMBDL,SIAVL,3
SMBDL,SMBVL,2
SMBDL,SMDDL,7
SMBDL,DBWMR1,4
SMBDL,DBWMR2,11
SMBDL,DBWMR3,6
SMBDL,DBWMR4,9
SMBDL,DBWMR5,9
SMBDL,DBWMR6,10
SMBDL,DBWMR7,9
SMBDL,DBWMR8,12
SMBDL,DBWMR9,9
SMBDL,DBWMR10,9
SMBDL,DBWMR11,9
SMBDL,DBWMR12,9
SMBDL,DBWMR13,9
SMBDL,DBWMR14,9
SMBDL,DBWMR15,9
SMBDL,DBWMR16,3
SMBDL,AVKL,2
SMBDL,AVKR,1
SMBDL,SAADL,3
SMBDL,SAAVR,1
SMBDL,SIADL,2
SMBDL,SIBDR,4
SMBDL,SIBVL,1
SMBDL,SIBVR,1
SMBDR,ALNL,5
SMBDR,SDQL,18
SMBDR,AVAL,1
SMBDR,RMED,25
SMBDR,RIVL,1
SMBDR,SAAVL,8
SMBDR,SIADR,20
SMBDR,SIAVR,1
SMBDR,SMBDL,3
SMBDR,SMDDR,4
SMBDR,DBWML1,5
SMBDR,DBWML2,11
SMBDR,DBWML4,3
SMBDR,DBWML5,20
SMBDR,DBWML6,7
SMBDR,DBWML7,9
SMBDR,DBWML8,12
SMBDR,DBWML9,9
SMBDR,DBWML10,9
SMBDR,DBWML11,9
SMBDR,DBWML12,9
SMBDR,DBWML13,9
SMBDR,DBWML14,9
SMBDR,DBWML15,9
SMBDR,DBWML16,3
SMBDR,DBWMR1,3
SMBDR,DBWMR2,3
SMBDR,DBWMR7,9
SMBDR,ALML,1
SMBDR,ALNL,3
SMBDR,RIBR,2
SMBDR,AVKL,2
SMBDR,AVKR,9
SMBDR,SAAVL,2
SMBDR,SIADR,3
SMBDR,SMBVR,2
SMBDR,SMDDR,1
SMBVL,PLNL,5
SMBVL,PLNR,2
SMBVL,AIML,1
SMBVL,AVFL,1
SMBVL,AVHR,1
SMBVL,AVJR,1
SMBVL,PVPL,1
SMBVL,AVBR,1
SMBVL,RMDVR,1
SMBVL,RMEV,20
SMBVL,SAADL,16
SMBVL,SIAVL,1
SMBVL,SMBDL,2
SMBVL,VBWML1,3
SMBVL,VBWML2,8
SMBVL,VBWML3,5
SMBVL,VBWML4,6
SMBVL,VBWML5,5
SMBVL,VBWML6,17
SMBVL,VBWML7,9
SMBVL,VBWML8,2
SMBVL,VBWML9,2
SMBVL,VBWML10,2
SMBVL,VBWML11,2
SMBVL,VBWML12,2
SMBVL,VBWML13,2
SMBVL,VBWML14,2
SMBVL,VBWML15,2
SMBVL,VBWML16,1
SMBVL,AVKL,6
SMBVL,SAAVR,16
SMBVL,SIBVL,2
SMBVR,ADLR,2
SMBVR,CEPVR,8
SMBVR,PLNL,5
SMBVR,PLNR,5
SMBVR,RIAR,1
SMBVR,RMGR,3
SMBVR,AVHL,2
SMBVR,PVR,2
SMBVR,RMDL,2
SMBVR,RMDR,3
SMBVR,RMEV,8
SMBVR,SAADR,12
SMBVR,SIAVR,1
SMBVR,SMBDR,2
SMBVR,DBWMR4,1
SMBVR,VBWMR1,7
SMBVR,VBWMR2,3
SMBVR,VBWMR3,10
SMBVR,VBWMR4,12
SMBVR,VBWMR5,2
SMBVR,VBWMR6,12
SMBVR,VBWMR7,12
SMBVR,VBWMR8,5
SMBVR,VBWMR9,2
SMBVR,VBWMR10,2
SMBVR,VBWMR11,2
SMBVR,VBWMR12,2
SMBVR,VBWMR13,2
SMBVR,VBWMR14,2
SMBVR,VBWMR15,2
SMBVR,VBWMR16,1
SMBVR,ADFR,1
SMBVR,AIMR,1
SMBVR,RMGR,3
SMBVR,URBR,1
SMBVR,AVKL,2
SMBVR,AVKR,6
SMBVR,SAAVL,17
SMBVR,SMBDR,2
SMDDL,RIAL,9
SMDDL,RIAR,14
SMDDL,RIS,2
SMDDL,AVEL,1
SMDDL,AVER,1
SMDDL,RIML,2
SMDDL,RIMR,1
SMDDL,RMDL,3
SMDDL,RMDR,1
SMDDL,RMED,7
SMDDL,RMEV,1
SMDDL,RIVR,1
SMDDL,SAAVR,1
SMDDL,SIADL,14
SMDDL,SIBDL,14
SMDDL,SIBVL,2
SMDDL,SMBDL,3
SMDDL,SMDDR,1
SMDDL,SMDVR,17
SMDDL,DBWML1,4
SMDDL,DBWML2,3
SMDDL,DBWML7,1
SMDDL,DBWMR1,3
SMDDL,DBWMR4,1
SMDDL,DBWMR5,6
SMDDL,DBWMR6,2
SMDDL,DBWMR7,6
SMDDL,DBWMR8,8
SMDDL,DBWMR9,6
SMDDL,DBWMR10,6
SMDDL,DBWMR11,6
SMDDL,DBWMR12,6
SMDDL,DBWMR13,6
SMDDL,DBWMR14,6
SMDDL,DBWMR15,6
SMDDL,DBWMR16,2
SMDDL,VBWML2,7
SMDDL,VBWML3,7
SMDDL,ALNR,1
SMDDL,AIBR,2
SMDDL,RIAR,1
SMDDL,RIBL,3
SMDDL,RIBR,4
SMDDL,RIS,2
SMDDL,RMDDL,3
SMDDL,RMDL,2
SMDDL,RMHL,1
SMDDL,SAAVR,4
SMDDL,SIBVL,3
SMDDR,ALNL,1
SMDDR,ALNR,2
SMDDR,AIZR,2
SMDDR,RIAL,5
SMDDR,RIAR,3
SMDDR,RIBL,1
SMDDR,RIS,3
SMDDR,AVER,1
SMDDR,RIMR,3
SMDDR,RMDR,1
SMDDR,RMED,5
SMDDR,RIVL,1
SMDDR,SIADR,14
SMDDR,SIBDR,14
SMDDR,SIBVR,3
SMDDR,SMBDR,3
SMDDR,SMDDL,4
SMDDR,SMDVL,5
SMDDR,DBWML2,3
SMDDR,DBWML5,11
SMDDR,DBWML6,4
SMDDR,DBWML7,6
SMDDR,DBWML8,8
SMDDR,DBWML9,6
SMDDR,DBWML10,6
SMDDR,DBWML11,6
SMDDR,DBWML12,6
SMDDR,DBWML13,6
SMDDR,DBWML14,6
SMDDR,DBWML15,6
SMDDR,DBWML16,2
SMDDR,VBWML2,3
SMDDR,VBWMR2,6
SMDDR,VBWMR6,2
SMDDR,ALNL,2
SMDDR,AIBL,1
SMDDR,RIBR,2
SMDDR,RIS,5
SMDDR,AVER,1
SMDDR,RMDDR,1
SMDDR,SIADR,1
SMDDR,SMBDR,1
SMDDR,SMDVL,1
SMDDR,VD01,5
SMDVL,IL2L,1
SMDVL,CEPVR,1
SMDVL,ALNL,2
SMDVL,ALNR,6
SMDVL,PLNL,6
SMDVL,RIAL,19
SMDVL,RIAR,31
SMDVL,RIBR,1
SMDVL,PVR,1
SMDVL,RMDDR,3
SMDVL,RMEV,1
SMDVL,RIVL,6
SMDVL,SIADR,1
SMDVL,SIAVR,30
SMDVL,SIBVL,30
SMDVL,SMDDR,22
SMDVL,SMDVR,2
SMDVL,DBWML1,3
SMDVL,DBWML2,3
SMDVL,VBWMR2,7
SMDVL,VBWMR3,8
SMDVL,VBWMR5,15
SMDVL,VBWMR6,16
SMDVL,VBWMR7,15
SMDVL,VBWMR8,20
SMDVL,VBWMR9,15
SMDVL,VBWMR10,15
SMDVL,VBWMR11,15
SMDVL,VBWMR12,15
SMDVL,VBWMR13,15
SMDVL,VBWMR14,15
SMDVL,VBWMR15,15
SMDVL,VBWMR16,7
SMDVL,ALNL,1
SMDVL,RIAL,4
SMDVL,RIS,2
SMDVL,RMEV,1
SMDVL,RIVL,2
SMDVL,SAAVL,8
SMDVL,SIBVL,1
SMDVL,SMDDR,1
SMDVR,CEPVL,1
SMDVR,PLNL,6
SMDVR,AIBR,1
SMDVR,RIAL,24
SMDVR,RIAR,16
SMDVR,AVAR,1
SMDVR,AVER,1
SMDVR,RIML,1
SMDVR,RMDDL,3
SMDVR,RMED,9
SMDVR,RIVR,1
SMDVR,SIAVL,30
SMDVR,SIBDR,30
SMDVR,SMDDL,14
SMDVR,SMDVL,1
SMDVR,VB01,1
SMDVR,VBWML2,9
SMDVR,VBWML3,9
SMDVR,VBWML4,5
SMDVR,VBWML5,19
SMDVR,VBWML6,14
SMDVR,VBWML7,15
SMDVR,VBWML8,19
SMDVR,VBWML9,15
SMDVR,VBWML10,15
SMDVR,VBWML11,15
SMDVR,VBWML12,15
SMDVR,VBWML13,15
SMDVR,VBWML14,15
SMDVR,VBWML15,15
SMDVR,VBWML16,7
SMDVR,ADFR,2
SMDVR,RIAR,1
SMDVR,AVEL,1
SMDVR,RMDVR,8
SMDVR,RIVR,8
SPH,INTL,4
SPH,INTR,4
SPH,ANAL,4
UM1AL,UM2AL,4
UM1AL,UM1AR,4
UM1AL,UM1PL,4
UM1AL,VM2AL,4
UM1AR,UM2AR,4
UM1AR,UM1AL,4
UM1AR,UM1PR,4
UM1AR,VM2AR,4
UM1PL,UM1AL,4
UM1PL,UM1PR,4
UM1PL,UM2PL,4
UM1PL,VM2PL,4
UM1PR,UM1AR,4
UM1PR,UM1PL,4
UM1PR,UM2PR,4
UM1PR,VM2PR,4
UM2AL,UM2AR,4
UM2AL,UM1AL,4
UM2AR,UM2AL,4
UM2AR,UM1AR,4
UM2PL,UM1PL,4
UM2PL,UM2PR,4
UM2PR,UM1PR,4
UM2PR,UM2PL,4
URADL,IL1DL,4
URADL,RIH,3
URADL,RIPL,12
URADL,RMEL,8
URADL,DBWML1,2
URADL,DBWML2,7
URADL,DBWML6,11
URADL,IL2DL,1
URADR,IL1DR,3
URADR,URYDR,1
URADR,RIPR,16
URADR,RMER,1
URADR,DBWMR1,15
URADR,DBWMR2,5
URADR,DBWMR3,4
URADR,DBWMR4,4
URADR,DBWMR5,7
URADR,IL2DR,1
URADR,URYDR,1
URAVL,IL1L,3
URAVL,IL1VL,6
URAVL,CEPVL,1
URAVL,RIBL,1
URAVL,RIPL,15
URAVL,DVC,1
URAVL,AVER,1
URAVL,RMDDL,7
URAVL,RMDVR,1
URAVL,RMEL,8
URAVL,RMER,3
URAVL,RMEV,10
URAVL,VBWML1,20
URAVL,VBWML2,17
URAVL,VBWML3,5
URAVL,IL2L,1
URAVL,IL2VL,3
URAVL,CEPVL,3
URAVL,RIPL,1
URAVL,PVT,1
URAVR,IL1R,2
URAVR,IL1VR,9
URAVR,IL2VR,3
URAVR,URYVR,1
URAVR,ADAR,1
URAVR,RIH,1
URAVR,RIPR,13
URAVR,PVT,3
URAVR,RMDDR,1
URAVR,RMDVL,1
URAVR,RMEL,1
URAVR,RMER,4
URAVR,RMEV,2
URAVR,VBWMR2,14
URAVR,VBWMR3,7
URAVR,VBWMR4,18
URAVR,VBWMR6,1
URAVR,IL1VR,4
URBL,IL1L,10
URBL,OLLL,1
URBL,CEPDL,2
URBL,URXL,26
URBL,URYDL,1
URBL,ADAL,3
URBL,RICL,1
URBL,RICR,1
URBL,URBL,1
URBL,PVR,1
URBL,AVBL,1
URBL,RMDDR,2
URBL,RMHR,5
URBL,SIADR,2
URBL,SIAVL,2
URBL,SIBVL,1
URBL,SMBDR,3
URBL,SMBVL,1
URBL,ADFL,1
URBL,AFDL,9
URBL,IL1L,2
URBL,IL2L,4
URBL,OLQDL,3
URBR,ADLR,2
URBR,IL1DR,2
URBR,IL1R,5
URBR,IL2R,3
URBR,OLQDR,2
URBR,OLLR,1
URBR,CEPDR,1
URBR,CEPVR,4
URBR,URXR,16
URBR,ADER,1
URBR,ADAR,5
URBR,RICL,1
URBR,RICR,1
URBR,RMGR,8
URBR,AVBR,1
URBR,AVDL,1
URBR,RMDL,1
URBR,RMDR,1
URBR,SIADL,3
URBR,SIAVR,3
URBR,SIBDR,2
URBR,SIBVR,2
URBR,SMBDL,4
URBR,SMBVR,1
URBR,AFDR,2
URBR,IL2R,4
URBR,OLQDR,7
URBR,OLQVR,5
URBR,SMBVR,1
URXL,ADFL,1
URXL,ASHL,1
URXL,ASIL,1
URXL,IL1DL,2
URXL,IL2L,1
URXL,OLQVL,2
URXL,CEPDL,1
URXL,BAGR,2
URXL,URXL,3
URXL,AUAL,14
URXL,AIZL,1
URXL,ADAL,6
URXL,AIML,2
URXL,RIAL,15
URXL,RICL,8
URXL,RIGL,6
URXL,RIR,1
URXL,RMGL,5
URXL,AVJR,4
URXL,AVAL,1
URXL,AVBL,4
URXL,AVDR,1
URXL,AVEL,9
URXL,HSNR,1
URXL,IL2L,1
URXL,RMGL,3
URXR,ADFR,4
URXR,ADLR,3
URXR,AWBR,2
URXR,OLQVR,2
URXR,CEPDR,1
URXR,ALMR,1
URXR,AUAR,21
URXR,ADAR,1
URXR,AIMR,3
URXR,RIAR,20
URXR,RICR,3
URXR,RIFR,3
URXR,RIGR,7
URXR,RIR,4
URXR,RMGR,6
URXR,URBR,8
URXR,RIPR,10
URXR,AVAR,2
URXR,AVBL,2
URXR,AVBR,3
URXR,AVER,2
URXR,RMDDL,2
URXR,RMDR,8
URXR,SIADL,2
URXR,SIAVR,4
URXR,SMBVR,7
URXR,IL2R,4
URXR,AUAR,3
URXR,RICR,1
URXR,RMGR,5
URYDL,IL1DL,3
URYDL,OLQDL,2
URYDL,OLLL,3
URYDL,AIZL,1
URYDL,RIBL,8
URYDL,AVEL,1
URYDL,AVER,9
URYDL,RMDDR,15
URYDL,RMDVL,18
URYDL,SMDDL,2
URYDL,SMDDR,3
URYDL,RIGL,4
URYDL,AVAL,2
URYDR,AWCL,1
URYDR,IL1DR,5
URYDR,OLQDR,1
URYDR,CEPDR,3
URYDR,URXR,1
URYDR,RIBR,1
URYDR,AVBL,1
URYDR,AVEL,5
URYDR,AVER,2
URYDR,RMDDL,9
URYDR,RMDVR,12
URYDR,RMED,7
URYDR,SMDDL,11
URYDR,SMDVR,3
URYDR,DBWMR2,2
URYDR,RIGR,3
URYDR,AVAR,5
URYDR,URADR,1
URYVL,IL1VL,1
URYVL,OLQVL,9
URYVL,OLLL,9
URYVL,OLLR,5
URYVL,CEPVL,3
URYVL,URXL,2
URYVL,RIAL,2
URYVL,RIBL,9
URYVL,RIBR,3
URYVL,RIH,2
URYVL,RIS,1
URYVL,AVJR,1
URYVL,RID,4
URYVL,AVBR,1
URYVL,AVDR,2
URYVL,AVEL,8
URYVL,AVER,23
URYVL,RMDDL,23
URYVL,RMDVR,17
URYVL,SIBVL,1
URYVL,SIBVR,4
URYVL,SMDVR,13
URYVL,RIGL,3
URYVR,IL1VR,3
URYVR,CEPVR,1
URYVR,ADAR,1
URYVR,RIAR,2
URYVR,RIBR,19
URYVR,AVL,5
URYVR,AVAL,2
URYVR,AVBL,5
URYVR,AVEL,26
URYVR,RMDDR,32
URYVR,RMDL,2
URYVR,RMDVL,19
URYVR,SIBVL,5
URYVR,SIBVR,4
URYVR,SMBDR,1
URYVR,SMDVL,11
URYVR,AVAL,2
VA01,DA02,1
VA01,DD01,12
VA01,VD01,3
VA01,VBWML7,13
VA01,VBWML8,1
VA01,VBWMR7,2
VA01,VBWMR8,2
VA01,AVAL,5
VA01,AVAR,7
VA01,DA02,9
VA02,AVAL,1
VA02,SAAVL,1
VA02,DD01,20
VA02,VA01,2
VA02,VA03,2
VA02,VB01,1
VA02,VB02,1
VA02,VD01,1
VA02,VD02,27
VA02,VBWML7,1
VA02,VBWML8,10
VA02,VBWML9,3
VA02,VBWMR7,5
VA02,VBWMR8,7
VA02,VBWMR9,5
VA02,PLNL,2
VA02,AVAL,13
VA02,SABD,12
VA02,DA03,1
VA02,VA06,1
VA02,VD02,1
VA02,HYP,1
VA03,DD01,18
VA03,DD02,10
VA03,VA04,2
VA03,VB02,1
VA03,VB03,3
VA03,VD02,3
VA03,VD03,11
VA03,VBWML8,1
VA03,VBWML9,4
VA03,VBWML10,11
VA03,VBWML11,3
VA03,VBWMR9,3
VA03,VBWMR10,5
VA03,VBWMR11,7
VA03,AVAL,6
VA03,AVAR,3
VA03,SABD,2
VA03,DA04,1
VA03,AS01,3
VA03,AS02,2
VA03,VD03,1
VA04,AVAR,1
VA04,AVDL,1
VA04,AVER,1
VA04,DD02,17
VA04,VB03,8
VA04,VB04,1
VA04,VD04,8
VA04,VBWML12,5
VA04,VBWML13,3
VA04,VBWMR11,8
VA04,VBWMR12,5
VA04,VBWMR13,1
VA04,AVAL,6
VA04,AVAR,3
VA04,AS02,9
VA04,VA07,1
VA04,VB03,1
VA05,DD02,6
VA05,DD03,17
VA05,VA06,2
VA05,VB04,1
VA05,VD05,9
VA05,VBWML12,3
VA05,VBWML13,6
VA05,VBWMR12,6
VA05,VBWMR13,4
VA05,VBWMR14,4
VA05,AVAL,5
VA05,AVAR,4
VA06,AVAR,1
VA06,AS01,13
VA06,AS02,1
VA06,DD03,21
VA06,VA05,2
VA06,VB04,1
VA06,VB05,7
VA06,VD05,3
VA06,VD06,6
VA06,VBWML13,2
VA06,VBWML14,10
VA06,VBWML15,1
VA06,VBWMR12,2
VA06,VBWMR13,1
VA06,VBWMR14,5
VA06,VBWMR15,1
VA06,AVAL,13
VA06,DA02,3
VA06,DA03,1
VA06,AS01,3
VA06,VA02,1
VA07,AS01,1
VA07,AS02,10
VA07,AS03,3
VA07,DD03,3
VA07,DD04,17
VA07,VB06,1
VA07,VD06,2
VA07,VD07,13
VA07,VBWML14,2
VA07,VBWML15,8
VA07,VBWML16,6
VA07,VBWMR14,3
VA07,VBWMR15,10
VA07,VBWMR16,2
VA07,AVAL,2
VA07,AVAR,5
VA07,VA04,1
VA08,AS02,1
VA08,AS03,4
VA08,AS04,11
VA08,AS05,3
VA08,DD04,9
VA08,DD05,9
VA08,VB06,1
VA08,VD07,2
VA08,VD08,3
VA08,VD09,3
VA08,VBWML16,3
VA08,VBWML17,4
VA08,VBWML18,4
VA08,VBWMR15,1
VA08,VBWMR16,3
VA08,VBWMR17,4
VA08,VBWMR18,4
VA08,AVAL,2
VA08,AVAR,2
VA09,AS06,5
VA09,AS07,3
VA09,DD04,6
VA09,DD05,6
VA09,DD06,6
VA09,VB07,1
VA09,VB08,1
VA09,VD09,2
VA09,VD10,3
VA09,VD11,3
VA09,VBWML17,3
VA09,VBWML18,4
VA09,VBWML19,4
VA09,VBWMR17,3
VA09,VBWMR18,4
VA09,VBWMR19,4
VA09,AVAL,4
VA09,AVAR,5
VA10,AS06,3
VA10,AS07,6
VA10,DD05,9
VA10,DD06,9
VA10,VB08,1
VA10,VB09,1
VA10,VD10,2
VA10,VD11,3
VA10,VD12,3
VA10,VBWML18,3
VA10,VBWML19,4
VA10,VBWML20,4
VA10,VBWMR18,3
VA10,VBWMR19,3
VA10,VBWMR20,3
VA10,VBWMR21,2
VA10,PVDL,1
VA10,AVAL,6
VA10,AVAR,4
VA10,AVDL,1
VA10,DA08,2
VA10,DA09,1
VA10,DB07,1
VA10,HYP,2
VA11,PVNR,1
VA11,AS07,2
VA11,AS08,10
VA11,AS09,1
VA11,DD06,19
VA11,VB10,6
VA11,VD11,5
VA11,VD12,3
VA11,VBWML19,3
VA11,VBWML20,4
VA11,VBWML21,4
VA11,VBWMR20,3
VA11,VBWMR21,3
VA11,VBWMR22,3
VA11,VBWMR23,2
VA11,AVFL,1
VA11,AVHR,1
VA11,AVJR,2
VA11,DVA,1
VA11,PVPL,6
VA11,PVCR,3
VA11,AVAL,2
VA11,AVAR,16
VA11,AVBL,1
VA11,AVBR,3
VA11,DA09,3
VA11,AS11,1
VA11,VA12,1
VA11,VB10,3
VA11,HYP,1
VA12,PHCR,1
VA12,PVCL,3
VA12,PVCR,4
VA12,AVAL,3
VA12,LUAL,2
VA12,DA08,9
VA12,DA09,17
VA12,DB07,10
VA12,AS08,2
VA12,AS09,8
VA12,AS10,6
VA12,AS11,6
VA12,DD06,2
VA12,VA11,4
VA12,VB11,4
VA12,VD12,7
VA12,VD13,12
VA12,VBWML21,3
VA12,VBWML22,4
VA12,VBWML23,4
VA12,VBWMR22,3
VA12,VBWMR23,4
VA12,VBWMR24,4
VA12,HYP,2
VA12,PHCL,1
VA12,PVPL,1
VA12,PVCL,18
VA12,PVCR,8
VA12,AVAR,3
VA12,DA08,6
VA12,DA09,1
VA12,AS10,3
VA12,DD06,7
VA12,VA11,1
VA12,VB11,7
VA12,VD12,8
VA12,VD13,6
VB01,AIBR,2
VB01,ADAL,5
VB01,RMFL,10
VB01,RIML,10
VB01,SAADL,18
VB01,SMBVL,3
VB01,DD01,1
VB01,VA01,7
VB01,VA02,2
VB01,VA03,2
VB01,VA04,2
VB01,VD01,4
VB01,VD02,2
VB01,VBWML7,2
VB01,VBWMR7,5
VB01,VBWMR9,1
VB01,AVFR,1
VB01,AVBL,1
VB01,VB02,2
VB02,AVEL,1
VB02,DD01,30
VB02,DD02,1
VB02,VA02,5
VB02,VA03,11
VB02,VD02,14
VB02,VD03,4
VB02,VBWML8,2
VB02,VBWML9,14
VB02,VBWML10,4
VB02,VBWML11,1
VB02,VBWMR8,6
VB02,VBWMR10,10
VB02,VBWMR11,6
VB02,VC02,1
VB02,AVBL,14
VB02,AVBR,6
VB02,VB01,2
VB02,VB03,10
VB02,VB04,1
VB03,DD02,36
VB03,VA04,10
VB03,VA05,1
VB03,VD03,4
VB03,VD04,6
VB03,VBWML10,1
VB03,VBWML11,8
VB03,VBWML12,8
VB03,VBWML13,3
VB03,VBWMR10,4
VB03,VBWMR11,6
VB03,VBWMR12,8
VB03,VBWMR13,4
VB03,AVBR,7
VB03,DB01,5
VB03,VA04,1
VB03,VB02,10
VB03,VB04,1
VB04,AVG,1
VB04,DD02,7
VB04,DD03,13
VB04,VA04,1
VB04,VA05,1
VB04,VB05,1
VB04,VD04,1
VB04,VD05,3
VB04,VBWML12,3
VB04,VBWML13,5
VB04,VBWMR12,3
VB04,VBWMR13,3
VB04,VBWMR14,4
VB04,DVA,1
VB04,AVBL,3
VB04,AVBR,5
VB04,DB02,1
VB04,VB02,1
VB04,VB03,1
VB04,VB05,1
VB05,DD03,34
VB05,VA06,2
VB05,VD06,10
VB05,VBWML12,3
VB05,VBWML13,1
VB05,VBWML14,8
VB05,VBWML15,7
VB05,VBWMR13,7
VB05,VBWMR14,6
VB05,VBWMR15,1
VB05,AVBL,3
VB05,AVBR,3
VB05,VB04,1
VB05,VB06,5
VB06,PVNR,1
VB06,DD04,32
VB06,VA07,3
VB06,VA08,2
VB06,VD06,1
VB06,VD07,22
VB06,VBWML15,4
VB06,VBWML16,3
VB06,VBWMR14,6
VB06,VBWMR15,12
VB06,VBWMR16,4
VB06,AVBL,3
VB06,AVBR,4
VB06,DB03,1
VB06,VB05,5
VB06,VB07,5
VB07,DD05,29
VB07,VA09,1
VB07,VA10,1
VB07,VD08,5
VB07,VD09,6
VB07,VBWML16,4
VB07,VBWML17,4
VB07,VBWML18,4
VB07,VBWMR16,4
VB07,VBWMR17,4
VB07,VBWMR18,4
VB07,AVBL,4
VB07,AVBR,3
VB07,VB06,5
VB07,VB08,5
VB08,DD05,10
VB08,DD06,19
VB08,VA11,2
VB08,VD09,5
VB08,VD10,6
VB08,VBWML18,4
VB08,VBWML19,4
VB08,VBWML20,4
VB08,VBWMR18,4
VB08,VBWMR19,4
VB08,VBWMR20,4
VB08,AVBL,3
VB08,AVBR,4
VB08,VB07,5
VB08,VB09,5
VB09,DD05,10
VB09,DD06,19
VB09,VA11,2
VB09,VD10,5
VB09,VD11,6
VB09,VBWML19,4
VB09,VBWML20,4
VB09,VBWML21,4
VB09,VBWMR19,4
VB09,VBWMR20,4
VB09,VBWMR21,4
VB09,PDER,7
VB09,AVBL,4
VB09,AVBR,3
VB09,VB08,5
VB09,VB10,5
VB10,PVT,1
VB10,DD06,19
VB10,VA11,3
VB10,VD11,7
VB10,VD12,6
VB10,VBWML20,4
VB10,VBWML21,4
VB10,VBWML22,4
VB10,VBWMR20,4
VB10,VBWMR21,4
VB10,VBWMR22,4
VB10,PDEL,1
VB10,PDER,4
VB10,AVKL,1
VB10,PVCL,2
VB10,PVCR,1
VB10,AVBL,3
VB10,AVBR,4
VB10,VA11,3
VB10,VB09,5
VB10,VB11,4
VB10,VD11,1
VB10,VD12,1
VB11,PVWL,1
VB11,PVWR,1
VB11,PVCR,1
VB11,DD06,19
VB11,VA12,5
VB11,VD12,2
VB11,VD13,22
VB11,VBWML21,4
VB11,VBWML22,4
VB11,VBWML23,4
VB11,VBWMR21,4
VB11,VBWMR22,4
VB11,VBWMR23,4
VB11,PDEL,4
VB11,PVCL,4
VB11,PVCR,2
VB11,AVAL,2
VB11,AVBL,5
VB11,AVBR,6
VB11,DA09,1
VB11,AS11,1
VB11,VA12,7
VB11,VB10,4
VB11,HYP,1
VBWML1,VBWML2,15
VBWML1,VBWML3,15
VBWML10,VBWML9,15
VBWML10,VBWML11,15
VBWML11,VBWML10,15
VBWML11,VBWML12,15
VBWML12,VBWML11,15
VBWML12,VBWML13,15
VBWML13,VBWML12,15
VBWML13,VBWML14,15
VBWML14,VBWML13,15
VBWML14,VBWML15,15
VBWML15,VBWML14,15
VBWML15,VBWML16,15
VBWML16,VBWML15,15
VBWML16,VBWML17,15
VBWML17,VBWML16,15
VBWML17,VBWML18,15
VBWML18,VBWML17,15
VBWML18,VBWML19,15
VBWML19,VBWML18,15
VBWML19,VBWML20,15
VBWML2,VBWML1,15
VBWML2,VBWML3,15
VBWML20,VBWML19,15
VBWML20,VBWML21,15
VBWML21,VBWML20,15
VBWML21,VBWML22,15
VBWML22,VBWML21,15
VBWML22,VBWML23,15
VBWML23,VBWML22,15
VBWML3,VBWML1,15
VBWML3,VBWML2,15
VBWML3,VBWML4,15
VBWML4,VBWML3,15
VBWML4,VBWML5,15
VBWML5,VBWML4,15
VBWML5,VBWML6,15
VBWML6,VBWML5,15
VBWML6,VBWML7,15
VBWML7,VBWML6,15
VBWML7,VBWML8,15
VBWML8,DD01,2
VBWML8,VBWML7,15
VBWML8,VBWML9,15
VBWML9,VBWML8,15
VBWML9,VBWML10,15
VBWML9,VBWMR8,2
VBWMR1,VBWMR2,15
VBWMR1,VBWMR3,15
VBWMR10,VBWMR9,15
VBWMR10,VBWMR11,15
VBWMR11,VBWMR10,15
VBWMR11,VBWMR12,15
VBWMR12,VBWMR11,15
VBWMR12,VBWMR13,15
VBWMR13,VBWMR12,15
VBWMR13,VBWMR14,15
VBWMR14,VBWMR13,15
VBWMR14,VBWMR15,15
VBWMR15,VBWMR14,15
VBWMR15,VBWMR16,15
VBWMR16,VBWMR15,15
VBWMR16,VBWMR17,15
VBWMR17,VBWMR16,15
VBWMR17,VBWMR18,15
VBWMR18,VBWMR17,15
VBWMR18,VBWMR19,15
VBWMR19,VBWMR18,15
VBWMR19,VBWMR20,15
VBWMR2,VBWMR1,15
VBWMR2,VBWMR3,15
VBWMR20,VBWMR19,15
VBWMR20,VBWMR21,15
VBWMR21,VBWMR20,15
VBWMR21,VBWMR22,15
VBWMR22,VBWMR21,15
VBWMR22,VBWMR23,15
VBWMR23,VBWMR22,15
VBWMR23,VBWMR24,15
VBWMR24,VBWMR23,15
VBWMR3,VBWMR1,15
VBWMR3,VBWMR2,15
VBWMR3,VBWMR4,15
VBWMR4,VBWMR3,15
VBWMR4,VBWMR5,15
VBWMR5,VBWMR4,15
VBWMR5,VBWMR6,15
VBWMR6,VBWMR5,15
VBWMR6,VBWMR7,15
VBWMR7,VBWMR6,15
VBWMR7,VBWMR8,15
VBWMR8,DD01,2
VBWMR8,VBWML9,2
VBWMR8,VBWMR7,15
VBWMR8,VBWMR9,15
VBWMR9,VBWMR8,15
VBWMR9,VBWMR10,15
VC01,AVFL,1
VC01,AVL,2
VC01,DVC,1
VC01,PVPR,1
VC01,PVT,4
VC01,DD01,6
VC01,DD02,8
VC01,DD03,8
VC01,VD01,5
VC01,VD02,1
VC01,VD03,2
VC01,VD04,4
VC01,VD05,4
VC01,VD06,1
VC01,VBWML7,1
VC01,VBWML9,1
VC01,VBWML11,1
VC01,VBWMR12,3
VC01,VC02,4
VC01,VC03,2
VC01,PVPR,1
VC01,DD01,1
VC01,VC02,12
VC01,VC03,7
VC02,DVC,3
VC02,PVPR,1
VC02,PVQR,1
VC02,PVT,6
VC02,PVCL,1
VC02,DB04,1
VC02,DD01,6
VC02,DD02,4
VC02,DD03,8
VC02,VD01,2
VC02,VD02,3
VC02,VD04,6
VC02,VD05,4
VC02,VD06,2
VC02,VBWML8,2
VC02,VBWML9,4
VC02,VBWML11,1
VC02,VBWML13,1
VC02,VBWML14,3
VC02,VBWMR8,1
VC02,VBWMR9,2
VC02,VBWMR11,1
VC02,VBWMR12,1
VC02,VBWMR13,3
VC02,VC01,3
VC02,VC03,4
VC02,VD01,1
VC02,VC01,12
VC02,VC02,1
VC02,VC03,3
VC03,AVJL,1
VC03,AVL,1
VC03,PVNR,1
VC03,PVPR,2
VC03,PVQR,2
VC03,PVT,5
VC03,AVBL,1
VC03,SABVL,1
VC03,DD01,1
VC03,DD02,3
VC03,DD03,5
VC03,VB02,1
VC03,VB04,1
VC03,VD01,2
VC03,VD02,1
VC03,VD03,2
VC03,VD04,3
VC03,VD05,3
VC03,VD06,5
VC03,VD07,8
VC03,VBWML11,1
VC03,VBWML12,1
VC03,VBWML13,1
VC03,VBWML14,1
VC03,VBWML15,3
VC03,VBWML16,2
VC03,VBWMR11,2
VC03,VBWMR13,1
VC03,VBWMR15,2
VC03,HSNR,1
VC03,VC01,5
VC03,VC02,2
VC03,PVT,1
VC03,VC01,7
VC03,VC02,3
VC03,VC04,4
VC03,VM2AL,2
VC03,VM2AR,2
VC03,VM2PL,2
VC03,VM2PR,2
VC04,AVHR,1
VC04,AVBR,1
VC04,VBWML16,1
VC04,VBWMR16,3
VC04,VC03,1
VC04,VC05,2
VC04,VM2AL,2
VC04,VM2AR,3
VC04,VM2PL,2
VC04,VM2PR,2
VC04,VC03,4
VC04,VC05,4
VC05,AVFL,2
VC05,AVFR,1
VC05,DVC,3
VC05,PVR,1
VC05,PVT,1
VC05,VBWML15,4
VC05,VBWML16,1
VC05,HSNL,1
VC05,HSNR,3
VC05,VC04,4
VC05,VC05,6
VC05,VM2AL,2
VC05,VM2AR,2
VC05,VM2PL,3
VC05,VM2PR,2
VC05,AVFL,1
VC05,VC04,4
VC05,VC06,4
VC06,AVG,1
VC06,AVL,2
VC06,PVNR,2
VC06,DD06,2
VC06,VD11,5
VC06,VD12,3
VC06,VBWML17,1
VC06,VBWMR17,1
VC06,AVL,2
VC06,DVC,1
VC06,PVNR,1
VC06,PVPR,1
VC06,PVT,2
VC06,VD12,1
VC06,VC05,4
VD01,SAAVL,1
VD01,DD01,2
VD01,VA01,8
VD01,VB01,5
VD01,VBWML7,11
VD01,VBWML8,3
VD01,RIGL,3
VD01,RIGR,2
VD01,DVC,2
VD01,SMDDR,5
VD01,VD02,4
VD01,VC02,1
VD02,AVEL,1
VD02,AS01,1
VD02,DD01,1
VD02,VA02,12
VD02,VB02,4
VD02,VBWML7,2
VD02,VBWML8,8
VD02,VBWML9,12
VD02,VBWMR7,3
VD02,VBWMR8,12
VD02,VBWMR9,5
VD02,AS01,23
VD02,DD01,3
VD02,VA02,1
VD02,VD01,4
VD02,VD02,3
VD02,VD03,7
VD02,DBWML9,1
VD03,DD01,6
VD03,VA03,4
VD03,VB02,2
VD03,VB03,1
VD03,VBWML10,6
VD03,VBWML11,8
VD03,VBWMR10,6
VD03,VBWMR11,12
VD03,DD01,4
VD03,DD02,1
VD03,VA03,1
VD03,VD02,7
VD03,VD04,6
VD04,VA04,1
VD04,VB03,2
VD04,VBWML12,5
VD04,VBWML13,6
VD04,VBWMR11,4
VD04,VBWMR12,4
VD04,VBWMR13,3
VD04,DD02,2
VD04,VD03,6
VD04,VD05,1
VD05,AVAR,1
VD05,SAAVL,1
VD05,VA05,2
VD05,VA06,1
VD05,VB01,1
VD05,VB04,2
VD05,VBWML12,4
VD05,VBWML13,7
VD05,VBWML14,1
VD05,VBWMR12,3
VD05,VBWMR13,10
VD05,DD02,1
VD05,VD04,1
VD05,VD06,10
VD06,PVNR,1
VD06,AVAL,1
VD06,VA06,3
VD06,VB05,1
VD06,VBWML13,1
VD06,VBWML14,10
VD06,VBWML15,3
VD06,VBWML16,1
VD06,VBWMR13,4
VD06,VBWMR14,7
VD06,VBWMR15,1
VD06,VD05,10
VD06,VD07,15
VD07,VA07,2
VD07,VB06,2
VD07,VB07,1
VD07,VBWML14,1
VD07,VBWML15,8
VD07,VBWML16,7
VD07,VBWMR14,6
VD07,VBWMR15,7
VD07,VBWMR16,1
VD07,VD06,15
VD07,VD08,6
VD08,VA08,2
VD08,VA09,1
VD08,VB07,2
VD08,VBWML15,4
VD08,VBWML16,4
VD08,VBWML17,4
VD08,VBWMR16,4
VD08,VBWMR17,4
VD08,VBWMR18,4
VD08,VD07,6
VD08,VD09,6
VD09,VA09,3
VD09,VB08,2
VD09,VBWML17,4
VD09,VBWML18,4
VD09,VBWML19,4
VD09,VBWMR18,4
VD09,VBWMR19,4
VD09,VBWMR20,4
VD09,PVDR,1
VD09,PDER,5
VD09,VD08,6
VD09,VD10,6
VD10,VA10,2
VD10,VB09,1
VD10,VBWML18,4
VD10,VBWML19,4
VD10,VBWML20,4
VD10,VBWMR19,4
VD10,VBWMR20,4
VD10,VBWMR21,4
VD10,VD09,6
VD10,VD11,6
VD11,PVT,1
VD11,AVAR,2
VD11,DD06,2
VD11,VA11,2
VD11,VB10,1
VD11,VBWML19,4
VD11,VBWML20,4
VD11,VBWML21,4
VD11,VBWMR20,4
VD11,VBWMR21,4
VD11,VBWMR22,4
VD11,AVL,1
VD11,DVB,2
VD11,DVC,1
VD11,PVPL,1
VD11,PVT,3
VD11,AVAR,1
VD11,DA07,2
VD11,DD06,3
VD11,VB10,1
VD11,VD10,6
VD11,VD12,6
VD11,HYP,2
VD12,DD06,2
VD12,VA11,3
VD12,VA12,13
VD12,VB11,1
VD12,VBWML20,4
VD12,VBWML21,4
VD12,VBWML22,4
VD12,VBWMR21,4
VD12,VBWMR22,4
VD12,VBWMR23,4
VD12,AVFL,3
VD12,AVHL,8
VD12,AVHR,13
VD12,AVL,2
VD12,PVNL,1
VD12,PVPR,35
VD12,PVT,4
VD12,PVWL,6
VD12,PVCR,1
VD12,DD06,14
VD12,VA12,8
VD12,VB10,1
VD12,VD11,6
VD12,VD13,6
VD12,HYP,5
VD12,VC06,1
VD13,PVWL,1
VD13,PVCR,1
VD13,AVAR,2
VD13,DD06,3
VD13,VA12,11
VD13,VD12,1
VD13,VBWML21,4
VD13,VBWML22,4
VD13,VBWML23,4
VD13,VBWMR22,4
VD13,VBWMR23,4
VD13,VBWMR24,4
VD13,INTESTINE,1
VD13,AVL,5
VD13,DVB,5
VD13,DVC,1
VD13,PVNR,1
VD13,PVPL,11
VD13,PVR,1
VD13,PVT,17
VD13,PVWL,1
VD13,PVWR,2
VD13,PVCL,1
VD13,DA09,2
VD13,PDB,4
VD13,DD06,2
VD13,VA12,6
VD13,VD12,6
VM1AL,VM2AL,4
VM1AL,VM1AR,4
VM1AL,VM1PL,4
VM1AR,VM2AR,4
VM1AR,VM1AL,4
VM1AR,VM1PR,4
VM1PL,VM1AL,4
VM1PL,VM1PR,4
VM1PL,VM2PL,4
VM1PR,VM1AR,4
VM1PR,VM1PL,4
VM1PR,VM2PR,4
VM2AL,VC03,2
VM2AL,UM1AL,4
VM2AL,VM2AR,4
VM2AL,VM1AL,4
VM2AR,VC03,2
VM2AR,UM1AR,4
VM2AR,VM2AL,4
VM2AR,VM1AR,4
VM2PL,VC03,2
VM2PL,UM1PL,4
VM2PL,VM1PL,4
VM2PL,VM2PR,4
VM2PR,VC03,2
VM2PR,UM1PR,4
VM2PR,VM1PR,4
VM2PR,VM2PL,4